4895	accessoires	Karaf	49,-	bron/foto/shop/4895_1945_IMG_1906.JPG	600	800
4907	accessoires	Houten schaal	39,-	bron/foto/shop/4907_1951_IMG_1901.JPG	600	800
4892	accessoires	Glass on wood	59,-	bron/foto/shop/4892_1937_IMG_1903.JPG	600	800
4912	accessoires	3 vaks schaal wortelhout	25,-	bron/foto/shop/4912_1957_IMG_1898.JPG	600	800
4902	accessoires	Set waxinelichthouders	12,95	bron/foto/shop/4902_1949_IMG_1881.JPG	600	800
4897	accessoires	Set waxinelichthouders wortelhout	12,95	bron/foto/shop/4897_1947_IMG_1880.JPG	800	600
4907	accessoires	Houten schaal	39,-	bron/foto/shop/4907_1953_IMG_1907.JPG	800	600
4915	accessoires	Witte Boeddha	39,-	bron/foto/shop/4915_1961_IMG_1900.JPG	600	800
4892	accessoires	Glass on wood	59,-	bron/foto/shop/4892_1933_IMG_1902.JPG	600	800
4915	accessoires	Witte Boeddha	39,-	bron/foto/shop/4915_1959_IMG_1899.JPG	600	800
4892	accessoires	Glass on wood	59,-	bron/foto/shop/4892_1935_IMG_1904.JPG	600	800
3332	badkamer-hangende-modellen	Q line 70-50A	319,-	bron/foto/shop/3332_881_q_line_70_50.jpg	760	464
3886	badkamer-hangende-modellen	Q line 120-50-B	599,-	bron/foto/shop/3886_1128_600_525_850_Q_120_58_B_1000.jpg	599	400
4194	badkamer-hangende-modellen	Badkamermeubel Barcelona dubbele wasbak	1.599,-	bron/foto/shop/4194_1293_TOP1.jpg	599	265
4197	badkamer-hangende-modellen	Badkamermeubel Barcelona enkele wasbak	1.099,-	bron/foto/shop/4197_1297_badmeubelhangend90.jpg	355	233
3347	badkamer-hangende-modellen	Q line 120-50A	439,-	bron/foto/shop/3347_886_badkamer_Q_120_50A.jpg	800	600
3335	badkamer-hangende-modellen	Q line 70-50B	379,-	bron/foto/shop/3335_882_q_line_70_50B.jpg	760	467
3349	badkamer-hangende-modellen	Q line 170-50A	649,-	bron/foto/shop/3349_887_badkamer_Q_170_50A.jpg	800	600
3882	badkamer-hangende-modellen	Q line 170-50B	799,-	bron/foto/shop/3882_1127_600_525_752_badkamer_Q_170_50B.jpg	600	450
4977	badkamer-hangende-modellen	Badkamermeubel Madrid met 4 lades	1.199,-	bron/foto/shop/4977_2014_madrid_met_river_120.jpg	221	166
2946	badkamer-spiegels	Spiegelkast Gordoba BA 0351	419,-	bron/foto/shop/2946_674_cordoba_2_door_90cm_db.jpg	450	306
2946	badkamer-spiegels	Spiegelkast Gordoba BA 0351	419,-	bron/foto/shop/2946_676_logo_mr_jones.jpg	480	395
2952	badkamer-spiegels	Spiegelkast  Gordoba BA 0352	639,-	bron/foto/shop/2952_677_Gordoba_2009_db.jpg	450	300
2946	badkamer-spiegels	Spiegelkast Gordoba BA 0351	419,-	bron/foto/shop/2946_675_logo_tess_layla.jpg	500	197
4974	badkamer-hangende-modellen	Badkamermeubel Madrid met 2 lades	699,-	bron/foto/shop/4974_2008_Madrid_70_river.JPG	1280	960
2952	badkamer-spiegels	Spiegelkast  Gordoba BA 0352	639,-	bron/foto/shop/2952_678_logo_tess_layla.jpg	500	197
2954	badkamer-spiegels	badkamerspiegels 3 Doba BA770	419,-	bron/foto/shop/2954_680_Doba_mirror_db.jpg	450	300
4974	badkamer-hangende-modellen	Badkamermeubel Madrid met 2 lades	699,-	bron/foto/shop/4974_2012_Madrid_70_lade.JPG	1280	960
4974	badkamer-hangende-modellen	Badkamermeubel Madrid met 2 lades	699,-	bron/foto/shop/4974_2010_Madrid_70.JPG	1280	960
2956	badkamer-spiegels	badkamerspiegels BA301	219,-	bron/foto/shop/2956_683_leon_and_vigo_mirror_db.jpg	450	300
2954	badkamer-spiegels	badkamerspiegels 3 Doba BA770	419,-	bron/foto/shop/2954_681_logo_tess_layla.jpg	500	197
2956	badkamer-spiegels	badkamerspiegels BA301	219,-	bron/foto/shop/2956_684_logo_tess_layla.jpg	500	197
2969	badkamer-spiegels	Spiegelkast  BA790	429,-	bron/foto/shop/2969_694_logo_mr_jones.jpg	480	395
2952	badkamer-spiegels	Spiegelkast  Gordoba BA 0352	639,-	bron/foto/shop/2952_679_logo_mr_jones.jpg	1930	1588
2969	badkamer-spiegels	Spiegelkast  BA790	429,-	bron/foto/shop/2969_693_logo_tess_layla.jpg	500	197
5421	accessoires	Glass on wood middle	89,-	bron/foto/shop/5421_2473_SAM_0120.JPG	2592	1944
31106	badkamer-spiegels	Provence badkamerspiegel	129,-	bron/foto/shop/31106_3663_Spiegel56x56.jpg	766	557
2954	badkamer-spiegels	badkamerspiegels 3 Doba BA770	419,-	bron/foto/shop/2954_682_logo_mr_jones.jpg	1930	1588
2956	badkamer-spiegels	badkamerspiegels BA301	219,-	bron/foto/shop/2956_685_logo_mr_jones.jpg	1930	1588
31106	badkamer-spiegels	Provence badkamerspiegel	129,-	bron/foto/shop/31106_3662_SpiegelB90xH56.jpg	477	348
2969	badkamer-spiegels	Spiegelkast  BA790	429,-	bron/foto/shop/2969_692_sam_mirror_aa_handle_db.jpg	450	300
12882	banken-teak	Semarang bank Yukon	548,-	bron/foto/shop/12882_3354_Eettafelbankje_bankje_massief_teak.jpg	674	450
31115	badkamer-spiegels	Provence badkamerspiegel met lijst voor verlichting en planchet	299,-	bron/foto/shop/31115_3666_Provence_spiegel_140.jpg	1008	756
31106	badkamer-spiegels	Provence badkamerspiegel	129,-	bron/foto/shop/31106_3664_Spiegel80x80.jpg	854	638
1460	banken-teak	teakbank model blokpoot	299,-	bron/foto/shop/1460_386_teak_bank.jpg	640	416
31115	badkamer-spiegels	Provence badkamerspiegel met lijst voor verlichting en planchet	299,-	bron/foto/shop/31115_3665_Provence_spiegel_140.jpg	1008	756
32463	banken-teak	Semarang eetkamerbank Amazon	368,-	bron/foto/shop/32463_3782_Amazon_bank.jpg	510	340
31118	badkamer-spiegels	Provence spiegelkast	429,-	bron/foto/shop/31118_3668_Provence_spiegelkast.jpg	807	605
31118	badkamer-spiegels	Provence spiegelkast	429,-	bron/foto/shop/31118_3669_Provence_spiegelkast_inside.jpg	1008	756
31115	badkamer-spiegels	Provence badkamerspiegel met lijst voor verlichting en planchet	299,-	bron/foto/shop/31115_3667_Provence_140_breed.jpg	1008	756
1478	banken-teak	Teakbank model Klooster	339,-	bron/foto/shop/1478_387_teak_bank_klooster_model.jpg	640	336
2178	barkrukken	barkruk java	139,-	bron/foto/shop/2178_499_barkruk_java.jpg	312	480
2181	barkrukken	barkruk Ben	149,-	bron/foto/shop/2181_329_barkruk_Ben.jpg	145	227
31118	badkamer-spiegels	Provence spiegelkast	429,-	bron/foto/shop/31118_3670_Provence_vanity_120_breed.jpg	1008	756
4598	barkrukken	Barkruk Lies	139,-	bron/foto/shop/4598_1675_barkrukLies.jpg	357	525
2172	barkrukken	barkruk Batavia	159,-	bron/foto/shop/2172_326_barkruk_batavia.jpg	312	480
4596	barkrukken	Barkruk Fenny	139,-	bron/foto/shop/4596_1673_600_525_865_barkruk_fenny.jpg	357	525
2184	barkrukken	barkruk Santi	139,-	bron/foto/shop/2184_330_barkruk_santi.jpg	300	400
5118	barkrukken	Barstoel Pim	289,-	bron/foto/shop/5118_2062_Barstoel_Pim1.jpg	800	800
4956	banken-teak	Bank wortelhout	399,-	bron/foto/shop/4956_1996_IMG_1908.JPG	800	600
1626	bureaus	bureau 1	1.239,-	bron/foto/shop/1626_2716_bureau_1a.jpg	243	196
1258	bartafels	bartafel met blokpoten	359,-	bron/foto/shop/1258_384_bartafel_ruwhout.jpg	700	469
1638	bureaus	bureau 4	1.149,-	bron/foto/shop/1638_338_bureau_low2_.jpg	450	301
1280	bartafels	bartafel  blokpoot met onderstel	439,-	bron/foto/shop/1280_385_bartafel_middenwinkel.jpg	700	469
4465	bureaus	Venice partnerdesk	849,-	bron/foto/shop/4465_1411_Partnerdesk.png	356	217
2484	cd-kasten	CD kast 1	449,-	bron/foto/shop/2484_503_CD_toren_uf.jpg	84	130
32337	bartafels	Bartafel Milaan	759,-	bron/foto/shop/32337_3715_Bartafel_Milaan.jpg	1008	756
2484	cd-kasten	CD kast 1	449,-	bron/foto/shop/2484_403_CD_toren_uf.jpg	84	130
2484	cd-kasten	CD kast 1	449,-	bron/foto/shop/2484_402_CD_toren_blank.jpg	312	480
2215	bureaus	bureau met leer	1.259,-	bron/foto/shop/2215_389_bureau_met_leer1.jpg	700	469
4203	badkamer-hangende-modellen	Badkamermeubel Q double	1.899,-	bron/foto/shop/4203_1303_q_double_jpg.jpg	3476	2362
2494	cd-kasten	CD kast 3	249,-	bron/foto/shop/2494_405_CD_ladenkast_2.jpg	480	480
2285	dressoirs	TV kast/dressoir 1	549,-	bron/foto/shop/2285_342_tv_dressoir_1.jpg	299	235
2490	cd-kasten	CD kast 2	549,-	bron/foto/shop/2490_404_CD_ladenkast_1.jpg	640	416
2292	dressoirs	TV kast/dressoir 2	549,-	bron/foto/shop/2292_343_tv_dressoir_10.jpg	640	600
2301	dressoirs	TV kast/dressoir 4	899,-	bron/foto/shop/2301_345_tv_dressoir_12.jpg	480	480
32337	bartafels	Bartafel Milaan	759,-	bron/foto/shop/32337_3716_Bartafel_Milaan2.jpg	1008	756
2299	dressoirs	TV kast/dressoir 3	1.199,-	bron/foto/shop/2299_344_tv_dressoir_11.jpg	640	493
5118	barkrukken	Barstoel Pim	289,-	bron/foto/shop/5118_2064_Barstoel_Pim.jpg	1181	1771
2303	dressoirs	TV kast/dressoir 5	569,-	bron/foto/shop/2303_346_tv_dressoir_13.jpg	480	480
2313	dressoirs	TV kast/dressoir 10	1.219,-	bron/foto/shop/2313_351_tv_dressoir_18.jpg	480	480
2323	dressoirs	TV kast/dressoir 13	919,-	bron/foto/shop/2323_354_tv_dressoir_20.jpg	493	358
2307	dressoirs	TV kast/dressoir 7	519,-	bron/foto/shop/2307_348_tv_dressoir_15.jpg	640	578
2333	dressoirs	Tv kast/dressoir 16	919,-	bron/foto/shop/2333_357_tv_dressoir_23.jpg	493	340
2331	dressoirs	TV kast/dressoir 15	929,-	bron/foto/shop/2331_356_tv_dressoir_22.jpg	518	366
2349	dressoirs	TV kast/dressoir 23	1.039,-	bron/foto/shop/2349_364_tv_dressoir_3.jpg	423	435
2375	dressoirs	TV kast/dressoir 32	1.139,-	bron/foto/shop/2375_374_tv_dressoir_38.jpg	518	311
2379	dressoirs	TV kast/dressoir 34	1.139,-	bron/foto/shop/2379_377_tv_dressoir_4.jpg	599	301
2385	dressoirs	TV kast/dressoir 37	939,-	bron/foto/shop/2385_380_tv_dressoir_5.jpg	454	289
2387	dressoirs	TV kast/dressoir 38	939,-	bron/foto/shop/2387_381_tv_dressoir_6.jpg	832	333
2383	dressoirs	TV kast/dressoir 36	1.159,-	bron/foto/shop/2383_379_tv_dressoir_41.jpg	640	329
2591	dressoirs	tv kast/dressoir 2 Brindisi	1.399,-	bron/foto/shop/2591_435_low_dressoir_4_klep_2_la.jpg	700	469
2609	dressoirs	TV kast/dressoir 1 Milaan	1.139,-	bron/foto/shop/2609_444_dressoir_milaan1.jpg	610	380
2588	dressoirs	TV kast/dressoir Napels	1.329,-	bron/foto/shop/2588_433_rvs_dressoir.jpg	700	469
2592	dressoirs	tv kast/dressoir 3 Brindisi	819,-	bron/foto/shop/2592_436_low_4_la_deur_124_kast.jpg	700	469
2626	dressoirs	TV kast/dressoir 2 Edge line	1.049,-	bron/foto/shop/2626_454_edge_dressoir_CDTS093.jpg	700	467
2621	dressoirs	TV kast/dressoir 8 Milaan	1.319,-	bron/foto/shop/2621_451_dressoir_milaan3.jpg	640	380
2596	dressoirs	TV kast/dressoir 6 Brindisi	819,-	bron/foto/shop/2596_439_low_dressoir_3_la_deur.jpg	700	469
2601	dressoirs	TV kast/dressoir 2 Torino	1.149,-	bron/foto/shop/2601_442_torino_dressoir.jpg	700	469
2607	dressoirs	TV kast/dressoir 3 Torino	969,-	bron/foto/shop/2607_443_torino_dressoir_120cm.jpg	700	469
29430	dressoirs	Semarang Dressoir Neva	936,-	bron/foto/shop/29430_3804_Neva_black_dressoir.jpg	492	328
29430	dressoirs	Semarang Dressoir Neva	936,-	bron/foto/shop/29430_3404_IMG_0377.JPG	640	480
4214	dressoirs	Dressoir Venice	699,-	bron/foto/shop/4214_1313_dressoir150.jpg	500	580
32522	dressoirs	Semarang dressoir Hudson	1.304,-	bron/foto/shop/32522_3807_Hudson_dressoir.png	532	399
4428	dressoirs	Venice Dressoir klassiek 4 deurs	1.059,-	bron/foto/shop/4428_1377_prancis_4drs.jpg	450	450
4424	dressoirs	Venice Dressoir klassiek 3 deurs	899,-	bron/foto/shop/4424_1371_Dressoir_Prancis.png	1027	495
4424	dressoirs	Venice Dressoir klassiek 3 deurs	899,-	bron/foto/shop/4424_1373_Prancis_3drs.png	1200	700
28699	dressoirs	Dressoir Viking	1.229,-	bron/foto/shop/28699_3360_DSC_0052.JPG	1500	2248
28699	dressoirs	Dressoir Viking	1.229,-	bron/foto/shop/28699_3361_DSC_0055.JPG	1500	2248
4868	dressoirs	DRESSOIR BLOK	989,-	bron/foto/shop/4868_1887_Dressoir_BLOK.jpg	640	480
4434	dressoirs	Venice dressoir 5 laden	689,-	bron/foto/shop/4434_1383_Dressoir_open.png	1010	494
4428	dressoirs	Venice Dressoir klassiek 4 deurs	1.059,-	bron/foto/shop/4428_1375_Prancis_4drs.png	1126	507
3771	dressoirs	Hoog Dressoir	899,-	bron/foto/shop/3771_1060_60.jpg	2592	3872
4868	dressoirs	DRESSOIR BLOK	989,-	bron/foto/shop/4868_1891_Dressoir_BLOK_2.jpg	640	480
4868	dressoirs	DRESSOIR BLOK	989,-	bron/foto/shop/4868_1893_Dressoir_BLOK_3.jpg	640	480
1324	geslotenkasten	geslotenkast 3	1.349,-	bron/foto/shop/1324_136_gk1.jpg	480	480
1634	174_bureau	ERR404
1336	geslotenkasten	geslotenkast 6	1.299,-	bron/foto/shop/1336_139_gk4.jpg	126	190
1328	geslotenkasten	geslotenkast 4	1.539,-	bron/foto/shop/1328_137_gk2.jpg	126	190
1334	geslotenkasten	geslotenkast 5	1.549,-	bron/foto/shop/1334_138_gk3.jpg	318	480
29731	dressoirs	Dressoir Bayakayu	1.349,-	bron/foto/shop/29731_3514_Dressoir.JPG	2016	1512
1345	geslotenkasten	geslotenkast 7	1.569,-	bron/foto/shop/1345_140_gk5.jpg	480	480
1352	geslotenkasten	geslotenkast 8	1.489,-	bron/foto/shop/1352_141_gk6.jpg	480	480
1363	geslotenkasten	geslotenkast 11	1.139,-	bron/foto/shop/1363_146_gk9.jpg	231	480
1354	geslotenkasten	geslotenkast 9	1.429,-	bron/foto/shop/1354_142_gk7.jpg	480	480
1359	geslotenkasten	geslotenkast 10	1.599,-	bron/foto/shop/1359_145_gk8.jpg	480	480
1367	geslotenkasten	geslotenkast 13	779,-	bron/foto/shop/1367_148_gk11.jpg	298	356
1640	176_bureau	ERR404
1373	geslotenkasten	geslotenkasten 15	1.999,-	bron/foto/shop/1373_150_gk13.jpg	202	212
1365	geslotenkasten	geslotenkast 12	1.299,-	bron/foto/shop/1365_147_gk10.jpg	311	480
1371	geslotenkasten	geslotenkasten 14	1.479,-	bron/foto/shop/1371_149_gk12.jpg	323	456
1375	geslotenkasten	geslotenkast 16	2.099,-	bron/foto/shop/1375_151_gk14.jpg	250	279
1636	175_bureau	ERR404
1379	geslotenkasten	geslotenkast 18	1.079,-	bron/foto/shop/1379_153_gk16.jpg	326	346
1381	geslotenkasten	geslotenkast 19	1.479,-	bron/foto/shop/1381_154_gk17.jpg	243	408
1377	geslotenkasten	geslotenkast 17	949,-	bron/foto/shop/1377_152_gk15.jpg	322	395
1383	geslotenkasten	geslotenkast 20	1.399,-	bron/foto/shop/1383_155_gk18.jpg	309	525
1385	geslotenkasten	geslotenkasten 21	899,-	bron/foto/shop/1385_156_gk19.jpg	332	455
2632	geslotenkasten	6 DEURS MILAANKAST	1.539,-	bron/foto/shop/2632_458_milaan_geslotenkast_6.jpg	450	640
2630	geslotenkasten	geslotenkast Brindisi	1.369,-	bron/foto/shop/2630_456_low_11_kast.jpg	469	700
2635	geslotenkasten	geslotenkast 2 Edge line	939,-	bron/foto/shop/2635_460_edge_kast_2_deuren_3_laden_smal_CATS209.jpg	467	700
29451	geslotenkasten	Semarang 1 deurs kast Neva	404,-	bron/foto/shop/29451_3777_Neva_1_deur_kast.jpg	228	342
2741	geslotenkasten	geslotenkast 1 Napels	1.059,-	bron/foto/shop/2741_469_rvs_collectie_dichtekast.jpg	469	700
3275	geslotenkasten	geslotenkast Le Matin	1.399,-	bron/foto/shop/3275_863_le_matinkast.jpg	600	450
4870	geslotenkasten	Gesloten kast Blok	995,-	bron/foto/shop/4870_1895_Gesloten_kast_Blok.jpg	640	480
4870	geslotenkasten	Gesloten kast Blok	995,-	bron/foto/shop/4870_1899_Gesloten_kast_Blok_3.jpg	640	480
4870	geslotenkasten	Gesloten kast Blok	995,-	bron/foto/shop/4870_1897_Gesloten_kast_Blok_2.jpg	640	480
4872	geslotenkasten	Garderobekast JEPARA	1.195,-	bron/foto/shop/4872_1901_foto_2.JPG	480	640
4872	geslotenkasten	Garderobekast JEPARA	1.195,-	bron/foto/shop/4872_1903_foto_3.JPG	480	640
4875	geslotenkasten	Kledingkast VENICE	1.095,-	bron/foto/shop/4875_1908_foto_1.JPG	480	640
4872	geslotenkasten	Garderobekast JEPARA	1.195,-	bron/foto/shop/4872_1906_foto_1.JPG	480	640
4875	geslotenkasten	Kledingkast VENICE	1.095,-	bron/foto/shop/4875_1910_foto_2.JPG	480	640
4875	geslotenkasten	Kledingkast VENICE	1.095,-	bron/foto/shop/4875_1912_foto_3.JPG	480	640
29734	geslotenkasten	Garderobekast Bayakayu	1.195,-	bron/foto/shop/29734_3515_Garderobekast.JPG	2016	1512
29415	geslotenkasten	Gesloten kast Viking	1.749,-	bron/foto/shop/29415_3387_20171124_131519.jpg	1157	1742
1983	hoekkasten	hoekkast 2	649,-	bron/foto/shop/1983_281_hoekkast_2.jpg	640	394
1990	hoekkasten	hoekkast 4	1.129,-	bron/foto/shop/1990_283_hoekkast_lois.jpg	189	480
1977	hoekkasten	hoekkast 1	669,-	bron/foto/shop/1977_280_hoekkast_1.jpg	640	462
1992	hoekkasten	hoekkast 5	649,-	bron/foto/shop/1992_284_hoekkast_3.jpg	345	304
1988	hoekkasten	hoekkast 3	1.139,-	bron/foto/shop/1988_282_hoekkast_eva.jpg	312	480
29734	geslotenkasten	Garderobekast Bayakayu	1.195,-	bron/foto/shop/29734_3516_Garderobekast_open.JPG	2016	1512
349	houten-stoelen	Stoel S01	129,-	bron/foto/shop/349_55_s01.jpg	306	506
338	houten-stoelen	Stoel Java	109,-	bron/foto/shop/338_2834_Ivy.jpg	532	798
364	houten-stoelen	Stoel S02	129,-	bron/foto/shop/364_56_s02.jpg	394	638
12923	houten-stoelen	Stoel Fenny	109,-	bron/foto/shop/12923_2970_Fenny_2.JPG	756	1344
12923	houten-stoelen	Stoel Fenny	109,-	bron/foto/shop/12923_2972_Fenny_1.JPG	756	1344
3773	geslotenkasten	Gesloten Kast	1.529,-	bron/foto/shop/3773_1074_61.jpg	2592	3872
375	houten-stoelen	Stoel S03	129,-	bron/foto/shop/375_57_s03.jpg	354	537
386	houten-stoelen	Stoel Cross	129,-	bron/foto/shop/386_59_stoel_cross.jpg	321	480
386	houten-stoelen	Stoel Cross	129,-	bron/foto/shop/386_58_stoel_cross.jpg	321	480
411	houten-stoelen	Stoel Jali	129,-	bron/foto/shop/411_62_stoel_jali.jpg	312	480
438	houten-stoelen	Stoel Fan nieuw model	139,-	bron/foto/shop/438_64_stoel_fan_nieuw_model.jpg	308	480
449	houten-stoelen	Stoel Fan oud model	139,-	bron/foto/shop/449_65_stoel_fan.jpg	299	480
463	houten-stoelen	Stoel Claudia	119,-	bron/foto/shop/463_66_stoel_claudia.jpg	318	480
3773	geslotenkasten	Gesloten Kast	1.529,-	bron/foto/shop/3773_1073_66.jpg	2592	3456
2678	468_milaanline	ERR404
2438	kleinmeubelen	set bijzet tafeltjes	449,-	bron/foto/shop/2438_393_kleinmeubelen_1_set.jpg	640	508
32632	kleinmeubelen	Plantenstandaard Mangohout	169,-	bron/foto/shop/32632_3870_IMG_7400.jpg	576	768
5281	houten-stoelen	stoel Bali	109,-	bron/foto/shop/5281_2195_IMG_2886.JPG	1632	1224
5285	houten-stoelen	Stoel Solo	109,-	bron/foto/shop/5285_2199_IMG_2888.JPG	1632	1224
5281	houten-stoelen	stoel Bali	109,-	bron/foto/shop/5281_2197_IMG_2887.JPG	1632	1224
5569	houten-stoelen	stoel wortelhout	189,-	bron/foto/shop/5569_2714_wortelhout_stoel.jpg	972	1296
32636	kleinmeubelen	wandrek mangohout	279,-	bron/foto/shop/32636_3874_IMG_7408.jpg	576	768
5285	houten-stoelen	Stoel Solo	109,-	bron/foto/shop/5285_2201_IMG_2889.JPG	1632	1224
32632	kleinmeubelen	Plantenstandaard Mangohout	169,-	bron/foto/shop/32632_3872_IMG_7402.jpg	576	768
32691	kleinmeubelen	Wandplank Accaciahout	109,-	bron/foto/shop/32691_3919_87739909_87ed_42d0_add0_d79d3d370370.JPG	482	370
32636	kleinmeubelen	wandrek mangohout	279,-	bron/foto/shop/32636_3875_IMG_7410.jpg	576	768
32691	kleinmeubelen	Wandplank Accaciahout	109,-	bron/foto/shop/32691_3888_IMG_7350.jpg	576	768
32632	kleinmeubelen	Plantenstandaard Mangohout	169,-	bron/foto/shop/32632_3871_IMG_7401.jpg	576	768
1321	135_milaan	ERR404
32828	kleinmeubelen	3-delige Set salontafels Mangohout	175,-	bron/foto/shop/32828_3924_IMG_7375.jpg	576	768
32825	kleinmeubelen	Bijzettafel rond Mangohout	55,-	bron/foto/shop/32825_3923_IMG_7382.jpg	576	768
32825	kleinmeubelen	Bijzettafel rond Mangohout	55,-	bron/foto/shop/32825_3922_IMG_7383.jpg	576	768
32828	kleinmeubelen	3-delige Set salontafels Mangohout	175,-	bron/foto/shop/32828_3926_IMG_7376.jpg	576	768
32828	kleinmeubelen	3-delige Set salontafels Mangohout	175,-	bron/foto/shop/32828_3925_IMG_7372.jpg	576	768
2678	467_milaanline	ERR404
1762	202_ladenkast	ERR404
399	502_stoel	ERR404
338	54_java	ERR404
32691	3889_IMG_7351_(2	ERR404
1772	205_ladenkast	ERR404
1774	206_ladenkast	ERR404
1765	203_ladenkast	ERR404
1769	204_ladenkast	ERR404
1781	208_ladenkast	ERR404
1778	207_ladenkast	ERR404
1783	209_ladenkast	ERR404
2636	ladenkasten	ladenkast 1 Milaan	489,-	bron/foto/shop/2636_461_milaanladenkast.jpg	469	700
1787	211_ladenkast	ERR404
2637	ladenkasten	ladenkast 2 milaan	689,-	bron/foto/shop/2637_462_milaanline_6_ladenkast.jpg	469	700
2638	ladenkasten	ladenkast 2 Torino	489,-	bron/foto/shop/2638_463_torino_ladenkast.jpg	469	700
29448	ladenkasten	Semarang ladenkast Neva	430,-	bron/foto/shop/29448_3776_Neva_ladenkast.jpg	336	505
29448	ladenkasten	Semarang ladenkast Neva	430,-	bron/foto/shop/29448_3802_Neva_black_ladenkast.jpg	240	360
32531	ladenkasten	Semarang ladenkast Hudson	445,-	bron/foto/shop/32531_3810_Hudson_ladenkast.jpg	497	372
3793	ladenkasten	Serene Ladenkast	349,-	bron/foto/shop/3793_1075_68.jpg	275	350
1785	210_ladenkast	ERR404
3798	ladenkasten	Serene ladenkast 2	579,-	bron/foto/shop/3798_1079_69.jpg	275	350
3800	ladenkasten	Serene ladenkast 3	519,-	bron/foto/shop/3800_1078_700.jpg	275	350
4221	ladenkasten	2 Ladenkast Venice	199,-	bron/foto/shop/4221_1319_Zola.jpg	359	420
4223	ladenkasten	Ladenkast Venice	399,-	bron/foto/shop/4223_1321_Cosmo.jpg	500	580
4122	lampen	Wandlamp JSWD 348	249,-	bron/foto/shop/4122_1253_JSWD348.jpg	209	156
4120	lampen	Wandlamp JSWD 345	289,-	bron/foto/shop/4120_1252_JSWD345.jpg	208	134
4124	lampen	Wandlamp JSWD 347	299,-	bron/foto/shop/4124_1254_JSWD347.jpg	550	352
4128	lampen	Wandlamp JSWL381	239,-	bron/foto/shop/4128_1256_JSWL381.jpg	209	160
4126	lampen	Wandlamp JSWD350	219,-	bron/foto/shop/4126_1255_JSWD350.jpg	209	119
1791	213_ladenkast	ERR404
4130	lampen	Wandlamp JSWL 379	249,-	bron/foto/shop/4130_1257_JSWL379B.jpg	417	525
4134	lampen	Staande lamp JSFL 333	209,-	bron/foto/shop/4134_1259_JSFL333.jpg	103	179
4132	lampen	Wandlamp JSWL378	219,-	bron/foto/shop/4132_1258_JSWL378.jpg	61	179
4138	lampen	Staande lamp JSFT374	209,-	bron/foto/shop/4138_1262_JSFT374.jpg	91	179
32571	mangohout-salon-tafels	3-delige Set salontafels Mangohout	175,-	bron/foto/shop/32571_3819_IMG_7375.jpg	576	768
32571	mangohout-salon-tafels	3-delige Set salontafels Mangohout	175,-	bron/foto/shop/32571_3821_IMG_7376.jpg	576	768
32571	mangohout-salon-tafels	3-delige Set salontafels Mangohout	175,-	bron/foto/shop/32571_3820_IMG_7372.jpg	576	768
1795	214_ladenkast	ERR404
32575	mangohout-salon-tafels	Bijzettafel rond Mangohout	55,-	bron/foto/shop/32575_3825_IMG_7382.jpg	576	768
32578	mangohout-salon-tafels	Salontafel Naomi	125,-	bron/foto/shop/32578_3826_IMG_7364.jpg	576	768
32575	mangohout-salon-tafels	Bijzettafel rond Mangohout	55,-	bron/foto/shop/32575_3824_IMG_7383.jpg	576	768
1789	212_ladenkast	ERR404
32581	mangohout-salon-tafels	Bijzettafel Anna	75,-	bron/foto/shop/32581_3830_IMG_7355.jpg	576	768
32578	mangohout-salon-tafels	Salontafel Naomi	125,-	bron/foto/shop/32578_3827_IMG_7365.jpg	576	768
32581	mangohout-salon-tafels	Bijzettafel Anna	75,-	bron/foto/shop/32581_3831_IMG_7356.jpg	576	768
32584	mangohout-salon-tafels	Bijzettafel Ria	59,-	bron/foto/shop/32584_3832_IMG_7357.jpg	576	768
32584	mangohout-salon-tafels	Bijzettafel Ria	59,-	bron/foto/shop/32584_3833_IMG_7358.jpg	576	768
32591	mangohout-salon-tafels	Set plantentafels	120,-	bron/foto/shop/32591_3835_set_plantentafels.jpg	456	840
32584	mangohout-salon-tafels	Bijzettafel Ria	59,-	bron/foto/shop/32584_3834_Bijzettafel_Ria.jpg	1008	1200
32594	mangohout-salon-tafels	Bijzettafel Lilian	99,-	bron/foto/shop/32594_3836_IMG_7361.jpg	576	768
32594	mangohout-salon-tafels	Bijzettafel Lilian	99,-	bron/foto/shop/32594_3837_IMG_7362.jpg	576	768
32597	mangohout-salon-tafels	Salontafel Claudia	149,-	bron/foto/shop/32597_3841_IMG_7394.jpg	576	768
32597	mangohout-salon-tafels	Salontafel Claudia	149,-	bron/foto/shop/32597_3840_IMG_7393.jpg	576	768
32594	mangohout-salon-tafels	Bijzettafel Lilian	99,-	bron/foto/shop/32594_3838_IMG_7363.jpg	576	768
1799	216_ladenkast	ERR404
32600	mangohout-salon-tafels	Sidetable Saskia	119,-	bron/foto/shop/32600_3842_IMG_7384.jpg	576	768
32600	mangohout-salon-tafels	Sidetable Saskia	119,-	bron/foto/shop/32600_3843_IMG_7385.jpg	576	768
1797	215_ladenkast	ERR404
32603	mangohout-salon-tafels	Salontafel Shackle	175,-	bron/foto/shop/32603_3844_IMG_7397.jpg	576	768
32603	mangohout-salon-tafels	Salontafel Shackle	175,-	bron/foto/shop/32603_3845_IMG_7398.jpg	576	768
32606	mangohout-salon-tafels	2-delige set salontafels mangohout	149,-	bron/foto/shop/32606_3847_IMG_7392.jpg	576	768
32606	mangohout-salon-tafels	2-delige set salontafels mangohout	149,-	bron/foto/shop/32606_3848_IMG_7391.jpg	576	768
32609	mangohout-salon-tafels	Set bijzettafels Sonja	145,-	bron/foto/shop/32609_3851_IMG_7380.jpg	576	768
32609	mangohout-salon-tafels	Set bijzettafels Sonja	145,-	bron/foto/shop/32609_3852_IMG_7379.jpg	576	768
32603	mangohout-salon-tafels	Salontafel Shackle	175,-	bron/foto/shop/32603_3846_IMG_7399.jpg	1024	768
32609	mangohout-salon-tafels	Set bijzettafels Sonja	145,-	bron/foto/shop/32609_3853_IMG_7381.jpg	576	768
32606	mangohout-salon-tafels	2-delige set salontafels mangohout	149,-	bron/foto/shop/32606_3849_IMG_7390.jpg	576	768
32612	mangohout-salon-tafels	Bijzettafel Pentagon	105,-	bron/foto/shop/32612_3855_IMG_7360.jpg	576	768
32612	mangohout-salon-tafels	Bijzettafel Pentagon	105,-	bron/foto/shop/32612_3854_IMG_7359.jpg	576	768
32618	mangohout-salon-tafels	Salontafel Adrianne	189,-	bron/foto/shop/32618_3859_Salontafel_Adrianne.jpg	1200	942
32621	mangohout-salon-tafels	Bijzettafel Adrianne	109,-	bron/foto/shop/32621_3867_IMG_7407.jpg	576	768
32615	mangohout-salon-tafels	Bijzettafel Shackle	125,-	bron/foto/shop/32615_3856_IMG_7396.jpg	576	768
32621	mangohout-salon-tafels	Bijzettafel Adrianne	109,-	bron/foto/shop/32621_3863_Bijzettafel_Adrianne_detail.jpg	1200	781
32615	mangohout-salon-tafels	Bijzettafel Shackle	125,-	bron/foto/shop/32615_3857_IMG_7395.jpg	576	768
32618	mangohout-salon-tafels	Salontafel Adrianne	189,-	bron/foto/shop/32618_3860_Adrianne.jpg	1200	962
32621	mangohout-salon-tafels	Bijzettafel Adrianne	109,-	bron/foto/shop/32621_3862_Bijzettafel_Adrianne.jpg	1151	1200
32624	mangohout-salon-tafels	Set bijzettafels Sophia	99,-	bron/foto/shop/32624_3864_IMG_7388.jpg	576	768
32624	mangohout-salon-tafels	Set bijzettafels Sophia	99,-	bron/foto/shop/32624_3865_IMG_7387.jpg	576	768
32503	nachtkastjes	Semarang nachtkastje Neva	318,-	bron/foto/shop/32503_3797_Nachtkastje_Neva.jpg	126	144
32534	nachtkastjes	Semarang nachtkastje Hudson	354,-	bron/foto/shop/32534_3811_Hudson_nachtkastje.jpg	225	337
1805	219_ladenkast	ERR404
32506	nachtkastjes	Nachtkastje Klaten	225,-	bron/foto/shop/32506_3800_Nachtkastje_Klaten.jpg	211	232
32624	mangohout-salon-tafels	Set bijzettafels Sophia	99,-	bron/foto/shop/32624_3866_IMG_7386.jpg	576	768
4085	natuurstenen-waskommen	Natuurstenen zuil vierkant	949,-	bron/foto/shop/4085_1232_600_525_1009_waskommen_winkel_479.jpg	351	525
4085	natuurstenen-waskommen	Natuurstenen zuil vierkant	949,-	bron/foto/shop/4085_1233_600_525_1010_waskommen_winkel_486.jpg	599	401
4087	natuurstenen-waskommen	Natuurstenen zuil Tulp	499,-	bron/foto/shop/4087_1235_600_525_1014_waskommen_winkel_497.jpg	599	401
4087	natuurstenen-waskommen	Natuurstenen zuil Tulp	499,-	bron/foto/shop/4087_1234_600_525_1013_waskommen_winkel_494.jpg	351	525
1801	217_ladenkast	ERR404
4089	natuurstenen-waskommen	Natuurstenen Zuil Rond	580,-	bron/foto/shop/4089_1236_600_525_1015_waskommen_winkel_473.jpg	351	525
4089	natuurstenen-waskommen	Natuurstenen Zuil Rond	580,-	bron/foto/shop/4089_1237_600_525_1016_waskommen_winkel_475.jpg	599	401
4091	natuurstenen-waskommen	Natuurstenen Zuil Ovaal	1.149,-	bron/foto/shop/4091_1239_600_525_1020_waskommen_winkel_491.jpg	599	401
4091	natuurstenen-waskommen	Natuurstenen Zuil Ovaal	1.149,-	bron/foto/shop/4091_1238_600_525_1019_waskommen_winkel_488.jpg	351	525
4188	natuurstenen-waskommen	Marmeren waskom ovaal	249,-	bron/foto/shop/4188_1290_IMGP0006.JPG	640	480
32642	onderhoudsmiddelen	Delta impregneerspray voor textiel en leer	22,95	bron/foto/shop/32642_3878_Impregneerspray.jpg	550	732
32648	onderhoudsmiddelen	Delta Woodcare	16,95	bron/foto/shop/32648_3879_Woodcare.jpg	550	412
32666	onderhoudsmiddelen	Delta Antiekwas	18,95	bron/foto/shop/32666_3881_Antiekwas_naturel.jpg	550	776
1803	218_ladenkast	ERR404
32679	onderhoudsmiddelen	Delta meubel polish	14,95	bron/foto/shop/32679_3886_Delta_meubelpolish.jpg	550	733
32666	onderhoudsmiddelen	Delta Antiekwas	18,95	bron/foto/shop/32666_3882_Antiekwas_middenbruin.jpg	550	747
32655	onderhoudsmiddelen	Delta Teakfinishing	16,95	bron/foto/shop/32655_3880_Teakfinishing.jpg	550	732
32666	onderhoudsmiddelen	Delta Antiekwas	18,95	bron/foto/shop/32666_3883_Antiekwas_donkerbruin.jpg	550	677
32686	onderhoudsmiddelen	Delta leather care set	27,95	bron/foto/shop/32686_3885_Delta_leather_care_doos.jpg	900	1200
32686	onderhoudsmiddelen	Delta leather care set	27,95	bron/foto/shop/32686_3884_Delta_leather_care_set.jpg	1200	900
12480	roomdividers	Roomdivider met willekeurige indeling	1.049,-	bron/foto/shop/12480_2830_Roomdivider_willekeurig1.JPG	2016	1512
12480	roomdividers	Roomdivider met willekeurige indeling	1.049,-	bron/foto/shop/12480_2832_Roomdivider_willekeurig2.JPG	2016	1512
2194	roomdividers	roomdivider met schuifdeuren	999,-	bron/foto/shop/2194_331_roomdivider_met_schuifdeuren.jpg	312	480
1614	roomdividers	roomdivider 8	499,-	bron/foto/shop/1614_172_roomdivider_parisline_3.jpg	480	640
1809	220_ladenkast	ERR404
32618	3858_salontafel_Patrijs_bb_(1	ERR404
1198	salonkisten	salonkisten	419,-	bron/foto/shop/1198_130_salonkisten.jpg	640	371
1198	salonkisten	salonkisten	419,-	bron/foto/shop/1198_2821_Salonkist_blank_teak_open.JPG	640	480
1584	162_roomdivider	ERR404
27367	sidetables	Sidetable blokpoot met onderplank	179,-	bron/foto/shop/27367_3259_IMG_0799.JPG	640	480
1198	salonkisten	salonkisten	419,-	bron/foto/shop/1198_2823_Salonkist_blank_teak.JPG	640	480
1212	sidetables	sidetable Milaan	299,-	bron/foto/shop/1212_279_milaansidetable.jpg	700	469
27441	sidetables	Sidetable blokpoot	169,-	bron/foto/shop/27441_3706_Sidetable_blokpoot_zonder_onderplank_zonder_lades.jpg	1008	756
27441	sidetables	Sidetable blokpoot	169,-	bron/foto/shop/27441_3705_Sidetable_blokpoot_zonder_onderplank_met_lades.jpg	1008	756
31947	sidetables	Sidetable klassiek met of zonder lades	179,-	bron/foto/shop/31947_3815_Sidetable_klassiek_zonder_onderplank.jpg	444	270
32056	sidetables	Sidetable klassiek met onderplank	189,-	bron/foto/shop/32056_3710_sidetable_klassiek.jpg	599	327
32056	sidetables	Sidetable klassiek met onderplank	189,-	bron/foto/shop/32056_3711_Sidetable_klassiek_onderplank_lades.JPG	1008	756
28710	sidetables	Sidetable Viking	329,-	bron/foto/shop/28710_3366_DSC_0038.JPG	1500	2248
1608	170_roomdivider	ERR404
28710	sidetables	Sidetable Viking	329,-	bron/foto/shop/28710_3364_DSC_0036.JPG	2248	1500
32475	sidetables	Semarang Sidetable Ebro	455,-	bron/foto/shop/32475_3784_Ebro_sidetable.png	519	345
1587	163_roomdivider	ERR404
4225	sidetables	Venice sidetable Barok	249,-	bron/foto/shop/4225_1323_ST_elita.jpg	500	580
28710	sidetables	Sidetable Viking	329,-	bron/foto/shop/28710_3365_DSC_0039.JPG	2248	1500
4378	sidetables	Venice sidetable met 1 of 2 laden	269,-	bron/foto/shop/4378_1349_ST_blok_drw.png	918	581
29737	sidetables	Sidetable Bayakayu	699,-	bron/foto/shop/29737_3517_Sidetable.JPG	2016	1512
4392	sidetables	Venice sidetable zonder la	269,-	bron/foto/shop/4392_1361_ST_blok.png	894	531
4392	sidetables	Venice sidetable zonder la	269,-	bron/foto/shop/4392_1359_ST_blok_rack.png	785	590
1592	164_roomdivider	ERR404
4378	sidetables	Venice sidetable met 1 of 2 laden	269,-	bron/foto/shop/4378_1353_ST_blok_rack_drw2.png	821	626
4378	sidetables	Venice sidetable met 1 of 2 laden	269,-	bron/foto/shop/4378_1351_ST_blok_rack_drw.png	776	650
4392	sidetables	Venice sidetable zonder la	269,-	bron/foto/shop/4392_1363_ST_simpel.png	901	584
4405	sidetables	Venice sidetable Vintage	299,-	bron/foto/shop/4405_1365_ST.png	900	600
4412	sidetables	Venice sidetable robuust	459,-	bron/foto/shop/4412_1367_STplank.png	805	512
2502	teak-bedden	hemelbed met zon	1.499,-	bron/foto/shop/2502_407_hemelbed_met_zon.jpg	640	480
2533	teak-bedden	Opiumbed	979,-	bron/foto/shop/2533_411_opiumbed_ying_yang_zonder_hoofdeind.jpg	200	83
2512	teak-bedden	hemelbed Ying Yang	1.499,-	bron/foto/shop/2512_409_Hemelbed2_Canopy_Koloniaal.jpg	480	640
2527	teak-bedden	Opiumbed met hoofdeind Ying Yang	1.149,-	bron/foto/shop/2527_410_Opiumbed_ying_yang.jpg	640	480
4418	sidetables	Venice sidetable Double rack	449,-	bron/foto/shop/4418_1369_ST2xplank.png	838	542
4056	teak-bedden	Bed Java	1.299,-	bron/foto/shop/4056_1206_dd_60.JPG	960	720
4853	teak-bedden	Bed Klaten	1.449,-	bron/foto/shop/4853_1843_Bed_Klaten_1.jpg	640	480
4853	teak-bedden	Bed Klaten	1.449,-	bron/foto/shop/4853_1845_Bed_Klaten_lades.jpg	640	480
4853	teak-bedden	Bed Klaten	1.449,-	bron/foto/shop/4853_1847_Bed_Klaten.jpg	640	480
12894	teak-boekenkasten	Semarang boekenkast Isar	811,-	bron/foto/shop/12894_2900_Isar_boekenkast_2_lades.png	592	888
1601	167_roomdivider	ERR404
12894	teak-boekenkasten	Semarang boekenkast Isar	811,-	bron/foto/shop/12894_2902_Isar_boekenkast.png	592	888
12900	teak-boekenkasten	Semarang vakkenkast Yukon	1.090,-	bron/foto/shop/12900_2906_Yukon_vakkenkast_2_laden.png	592	888
1605	169_roomdivider	ERR404
4061	teak-bedden	Romantisch hemelbed	1.899,-	bron/foto/shop/4061_1209_CIMG1224.JPG	3456	2592
4061	teak-bedden	Romantisch hemelbed	1.899,-	bron/foto/shop/4061_1208_CIMG1223.JPG	3456	2592
1610	171_roomdivider	ERR404
2502	408_hemelbed1metzon%20detail.jpg	ERR404
4061	teak-bedden	Romantisch hemelbed	1.899,-	bron/foto/shop/4061_1207_CIMG1219.JPG	2592	3456
1614	173_roomdivider	ERR404
1648	180_boekenkast	ERR404
1651	181_boekenkasr	ERR404
1655	183_boekenkast	ERR404
1653	182_boekenkast	ERR404
2563	teak-boekenkasten	boekenkast Edge line	839,-	bron/foto/shop/2563_423_edge_boekenkast_CATS214.jpg	467	700
1657	184_boekenkast	ERR404
2565	teak-boekenkasten	boekenkast Edge line	749,-	bron/foto/shop/2565_424_edge_boekenkast_small_CATS213.jpg	467	700
2567	teak-boekenkasten	boekenkast Napels	869,-	bron/foto/shop/2567_425_rvs_boekenkast.jpg	469	700
2570	teak-boekenkasten	boekenkast Milaan	869,-	bron/foto/shop/2570_426_boekenkast_milaan.jpg	403	593
2577	teak-boekenkasten	boekenkast Brindisi	769,-	bron/foto/shop/2577_428_low_boekenkast.jpg	469	700
2580	teak-boekenkasten	boekenkast Torino	679,-	bron/foto/shop/2580_429_torino_boekenkast_small.jpg	469	700
1659	185_boekenkast	ERR404
29445	teak-boekenkasten	Semarang Neva vakkenkast smal	728,-	bron/foto/shop/29445_3406_va.jpg	427	640
29439	teak-boekenkasten	Semarang vakkenkast Neva	952,-	bron/foto/shop/29439_3405_neva_Vakkenkast.jpg	427	640
29445	teak-boekenkasten	Semarang Neva vakkenkast smal	728,-	bron/foto/shop/29445_3803_Neva_black_vakkenkast.jpg	356	533
32528	teak-boekenkasten	Semarang vakkenkast Hudson small	1.080,-	bron/foto/shop/32528_3809_Hudson_vakkenkast_small.jpg	453	680
32525	teak-boekenkasten	Semarang vakkenkast Hudson large	1.324,-	bron/foto/shop/32525_3808_Hudson_vakkenkast.jpg	604	805
32639	teak-boekenkasten	wandrek mangohout	279,-	bron/foto/shop/32639_3876_IMG_7408.jpg	576	768
3272	teak-boekenkasten	boekenkast Milaan open	729,-	bron/foto/shop/3272_862_boekenkast_milaan_210x100x35.jpg	347	480
32639	teak-boekenkasten	wandrek mangohout	279,-	bron/foto/shop/32639_3877_IMG_7410.jpg	576	768
1663	187_boekenkast	ERR404
4458	teak-boekenkasten	Venice boekenkast	449,-	bron/foto/shop/4458_1405_Boekenkast.png	190	345
1665	188_boekenkast	ERR404
4456	teak-boekenkasten	Venice Library cabinet	2.750,-	bron/foto/shop/4456_1403_Library.png	402	370
4454	teak-boekenkasten	Venice bibliotheekkast	1.750,-	bron/foto/shop/4454_1401_Bibliotheekkast.png	318	345
1661	186_boekenkast	ERR404
4859	teak-boekenkasten	Boekenkast BLOK	749,-	bron/foto/shop/4859_1854_Boekenkast_Blok.jpg	480	640
4859	teak-boekenkasten	Boekenkast BLOK	749,-	bron/foto/shop/4859_1856_Boekenkast_Blok_2.jpg	480	640
4859	teak-boekenkasten	Boekenkast BLOK	749,-	bron/foto/shop/4859_1858_Boekenkast_Blok_3.jpg	480	640
4861	teak-boekenkasten	Boekenkast Klaten	629,-	bron/foto/shop/4861_1871_Boekenkast_2.jpg	480	640
4861	teak-boekenkasten	Boekenkast Klaten	629,-	bron/foto/shop/4861_1862_Boekenkast.jpg	480	640
4861	teak-boekenkasten	Boekenkast Klaten	629,-	bron/foto/shop/4861_1867_Boekenkast_3.jpg	480	640
1870	teak-buffetkasten	buffetkast 1	1.249,-	bron/foto/shop/1870_234_buffetkast1.jpg	220	369
1874	teak-buffetkasten	buffetkast 3	1.649,-	bron/foto/shop/1874_236_buffetkast3.jpg	247	392
1872	teak-buffetkasten	buffetkast 2	2.689,-	bron/foto/shop/1872_235_buffetkast2.jpg	384	367
1877	teak-buffetkasten	buffetkast 5	1.379,-	bron/foto/shop/1877_238_buffetkast5.jpg	140	275
1875	teak-buffetkasten	buffetkast 4	1.999,-	bron/foto/shop/1875_237_buffetkast4.jpg	175	275
1881	teak-buffetkasten	buffetkast 6	1.999,-	bron/foto/shop/1881_239_buffetkast6.jpg	406	480
1883	teak-buffetkasten	buffetkast 7	1.599,-	bron/foto/shop/1883_240_buffetkast7.jpg	341	480
1884	teak-buffetkasten	buffetkast 8	2.499,-	bron/foto/shop/1884_241_buffetkast8.jpg	428	426
1885	teak-buffetkasten	buffetkast 9	2.099,-	bron/foto/shop/1885_242_buffetkast9.jpg	434	432
1889	teak-buffetkasten	buffetkast 12	1.499,-	bron/foto/shop/1889_245_buffetkast12.jpg	263	383
1890	teak-buffetkasten	buffetkast 13	1.739,-	bron/foto/shop/1890_246_buffetkast13.jpg	353	354
1887	teak-buffetkasten	buffetkast 10	1.989,-	bron/foto/shop/1887_243_buffetkast10.jpg	369	414
1888	teak-buffetkasten	buffetkast 11	1.689,-	bron/foto/shop/1888_244_buffetkast11.jpg	283	400
1894	teak-buffetkasten	buffetkast 14	1.199,-	bron/foto/shop/1894_247_buffetkast14.jpg	251	519
1901	teak-buffetkasten	buffetkast 16	2.169,-	bron/foto/shop/1901_249_buffetkast16.jpg	379	444
1902	teak-buffetkasten	buffetkast 17	1.749,-	bron/foto/shop/1902_250_buffetkast17.jpg	312	428
1904	teak-buffetkasten	buffetkast 18	1.999,-	bron/foto/shop/1904_252_buffetkast18.jpg	336	342
1900	teak-buffetkasten	buffetkast 15	2.349,-	bron/foto/shop/1900_248_buffetkast15.jpg	425	404
1905	teak-buffetkasten	buffetkast 19	2.199,-	bron/foto/shop/1905_253_buffetkast19.jpg	320	390
1906	teak-buffetkasten	buffetkast 20	2.199,-	bron/foto/shop/1906_254_buffetkast20.jpg	370	370
1907	teak-buffetkasten	buffetkast 21	1.379,-	bron/foto/shop/1907_255_buffetkast21.jpg	286	521
1909	teak-buffetkasten	buffetkast 22	1.699,-	bron/foto/shop/1909_256_buffetkast22.jpg	311	437
1911	teak-buffetkasten	buffetkast 23	1.359,-	bron/foto/shop/1911_257_buffetkast23.jpg	290	498
1913	teak-buffetkasten	buffetkast 25	2.079,-	bron/foto/shop/1913_258_buffetkast25.jpg	302	316
1917	teak-buffetkasten	buffetkast 27	2.489,-	bron/foto/shop/1917_260_buffetkast27.jpg	351	330
1916	teak-buffetkasten	buffetkast 26	2.049,-	bron/foto/shop/1916_259_buffetkast26.jpg	338	445
1919	teak-buffetkasten	buffetkast 30	2.729,-	bron/foto/shop/1919_262_buffetkast30.jpg	432	480
1922	teak-buffetkasten	buffetkast 31	1.669,-	bron/foto/shop/1922_263_buffetkast31.jpg	274	480
1924	teak-buffetkasten	buffetkast 32	1.299,-	bron/foto/shop/1924_264_buffetkast_blank_teak_k5569.jpg	257	294
1918	teak-buffetkasten	buffetkast 29	3.790,-	bron/foto/shop/1918_261_buffetkast29.jpg	640	466
1667	189_boekenkast	ERR404
1669	190_boekenkast	ERR404
21463	teak-buffetkasten	Buffetkast Brindisi 3 deurs	2.399,-	bron/foto/shop/21463_3195_Buffetkast_Brindisi_212_breed.JPG	640	480
21463	teak-buffetkasten	Buffetkast Brindisi 3 deurs	2.399,-	bron/foto/shop/21463_3197_Buffetkast_Brindisi_3_deurs.JPG	640	480
21539	teak-buffetkasten	Buffetkast Milaan 3 deurs	2.199,-	bron/foto/shop/21539_3215_700_450_3198_Buffetkast_Milaan_190breed.JPG	600	450
21552	teak-buffetkasten	Buffetkast Milaan 2 deurs	1.899,-	bron/foto/shop/21552_3219_700_450_3203_750_560_3201_Buffetkast_Milaan_2deurs.JPG	599	450
21539	teak-buffetkasten	Buffetkast Milaan 3 deurs	2.199,-	bron/foto/shop/21539_3217_750_560_3199_Bufetkast_Milaan_3deurs.JPG	746	560
21552	teak-buffetkasten	Buffetkast Milaan 2 deurs	1.899,-	bron/foto/shop/21552_3221_750_560_3205_700_450_3200_Buffetkast_Milaan_150breed.JPG	746	560
2545	teak-buffetkasten	buffetkast Torino	1.710,-	bron/foto/shop/2545_414_torino_buffetkast_160cm.jpg	469	700
1676	193_boekenkast	ERR404
3807	teak-buffetkasten	Serene Buffetkast	1.749,-	bron/foto/shop/3807_1084_770.jpg	275	350
2001	teak-computerkasten	computerkast 1	1.229,-	bron/foto/shop/2001_285_low_computerkast_buitenkant.jpg	469	700
28621	teak-buffetkasten	Buffetkast Brindisi twee deurs	1.799,-	bron/foto/shop/28621_3302_IMG_1236.JPG	506	640
2001	teak-computerkasten	computerkast 1	1.229,-	bron/foto/shop/2001_286_low_computerkast_binnenkant.jpg	469	700
2022	teak-computerkasten	computerkast 4	1.699,-	bron/foto/shop/2022_294_computerkast_4.jpg	241	392
2011	teak-computerkasten	computerkast 2	1.099,-	bron/foto/shop/2011_288_computerkast_binnenkant.jpg	469	700
2024	teak-computerkasten	computerkast 6	1.649,-	bron/foto/shop/2024_296_computerkast_6.jpg	234	354
2011	teak-computerkasten	computerkast 2	1.099,-	bron/foto/shop/2011_287_computerkast.jpg	469	700
2023	teak-computerkasten	computerkast 5	1.629,-	bron/foto/shop/2023_295_computerkast_5.jpg	324	451
2025	teak-computerkasten	computerkast 7	1.149,-	bron/foto/shop/2025_297_computerkast_7.jpg	267	333
2029	teak-computerkasten	computerkast 8	1.029,-	bron/foto/shop/2029_298_computerkast_8.jpg	262	485
2033	teak-computerkasten	computerkast 9	1.149,-	bron/foto/shop/2033_299_computerkast_9.jpg	234	232
2038	teak-computerkasten	computerkast 10	1.679,-	bron/foto/shop/2038_301_computerkast_2.jpg	346	324
12869	teak-eettafels	Semarang eettafel Tigris	963,-	bron/foto/shop/12869_2883_Tigris_eettafel.png	557	371
12863	teak-eettafels	Semarang eettafel Yukon	684,-	bron/foto/shop/12863_2881_Yukon_tafel.jpg	605	403
12861	teak-eettafels	Eettafel Kasma	1.099,-	bron/foto/shop/12861_3344_Eettafel_Massief_Teak_Robuust_Staal.png	675	450
12861	teak-eettafels	Eettafel Kasma	1.099,-	bron/foto/shop/12861_3345_Eettafel_Massief_Teak_Robuust_Staal_zwart.png	749	499
3777	teak-buffetkasten	Buffetkast Bonaparte	1.979,-	bron/foto/shop/3777_1063_62.jpg	3872	2592
143	teak-eettafels	eettafel model Opium zonder houtsnijwerk	499,-	bron/foto/shop/143_231_eettafel_opium.jpg	460	313
176	teak-eettafels	eettafel model Napels	395,-	bron/foto/shop/176_268_rvs_detail_foto.jpg	700	469
206	teak-eettafels	eettafel model Fatleg	649,-	bron/foto/shop/206_272_eettafel_fatleg.jpg	700	469
176	teak-eettafels	eettafel model Napels	395,-	bron/foto/shop/176_269_rvs_dinnertable.jpg	700	469
1674	192_boekenkast	ERR404
1671	191_boekenkast	ERR404
229	teak-eettafels	Eettafel klassiek	319,-	bron/foto/shop/229_3704_IMGP0252.JPG	1287	965
14400	teak-eettafels	Robuuste Eettafel Japura	1.589,-	bron/foto/shop/14400_3137_SAM_0339.JPG	2592	1944
14400	teak-eettafels	Robuuste Eettafel Japura	1.589,-	bron/foto/shop/14400_3135_SAM_0325.JPG	2592	1944
14400	teak-eettafels	Robuuste Eettafel Japura	1.589,-	bron/foto/shop/14400_3133_SAM_0326.JPG	2592	1944
28682	teak-eettafels	Eettafel Viking	899,-	bron/foto/shop/28682_3357_DSC_0040.JPG	2248	1500
31393	teak-eettafels	Blokpoot eettafel	299,-	bron/foto/shop/31393_3701_eettafel_blokpoot_model.jpg	699	401
28682	teak-eettafels	Eettafel Viking	899,-	bron/foto/shop/28682_3359_DSC_0043.JPG	2248	1500
31393	teak-eettafels	Blokpoot eettafel	299,-	bron/foto/shop/31393_3700_eettafel_blokpoot.JPG	1008	756
32264	teak-eettafels	Eettafel Robuust	599,-	bron/foto/shop/32264_3713_Eettafel_blokpoot_5cm_top.jpg	1008	756
28682	teak-eettafels	Eettafel Viking	899,-	bron/foto/shop/28682_3358_DSC_0042.JPG	1500	2248
32540	teak-eettafels	Semarang eettafel Hudson	659,-	bron/foto/shop/32540_3813_Hudson_eettafel.jpg	564	422
32540	teak-eettafels	Semarang eettafel Hudson	659,-	bron/foto/shop/32540_3816_Eettafel_Hudson_spinpoot.jpg	137	93
32264	teak-eettafels	Eettafel Robuust	599,-	bron/foto/shop/32264_3714_Eettafel_blokpoot_5cm_top2.jpg	1008	756
4205	teak-eettafels	Venice eettafel Barok	519,-	bron/foto/shop/4205_1307_Lidia.jpg	500	580
3515	teak-eettafels	Eettafel blokpoot met aanzetstuk	419,-	bron/foto/shop/3515_940_IMG_0783_1_.JPG	640	480
3515	teak-eettafels	Eettafel blokpoot met aanzetstuk	419,-	bron/foto/shop/3515_939_IMG_0782_1_.JPG	640	480
3784	teak-eettafels	Closther table	819,-	bron/foto/shop/3784_1071_IMG_0919.JPG	640	480
29740	teak-eettafels	Eettafel Bayakayu	549,-	bron/foto/shop/29740_3518_Eettafel.jpg	1613	1210
4235	teak-eettafels	Venice eettafel met blokpoten of tapse poten	299,-	bron/foto/shop/4235_1325_DT_blokpoot.png	977	493
4235	teak-eettafels	Venice eettafel met blokpoten of tapse poten	299,-	bron/foto/shop/4235_1327_DT4.png	1139	582
4259	teak-eettafels	Venice eettafel Cuba, met of zonder laden	609,-	bron/foto/shop/4259_1331_DT_Kuba_met_la.png	1065	609
4250	teak-eettafels	Venice eettafel met bolpoten	629,-	bron/foto/shop/4250_1329_DT.png	1162	778
4549	teak-eettafels	Eettafel Farmer	1.549,-	bron/foto/shop/4549_1661_Farmer_detail.jpg	350	525
4259	teak-eettafels	Venice eettafel Cuba, met of zonder laden	609,-	bron/foto/shop/4259_1333_DT_Kuba.png	1116	591
4549	teak-eettafels	Eettafel Farmer	1.549,-	bron/foto/shop/4549_1659_Farmer.jpg	599	401
4568	teak-eettafels	Kloostertafel met houten pen	969,-	bron/foto/shop/4568_1667_600_525_825_kloostertafel_erie.jpg	600	450
4577	teak-eettafels	Eettafel model Milaan	679,-	bron/foto/shop/4577_1669_600_525_728_eettafel_milaan.jpg	599	401
4769	teak-eettafels	EETTAFEL CASTLE	1.599,-	bron/foto/shop/4769_1786_Castle_1.jpg	968	544
4980	teak-eettafels	Eettafel MATRIX	1.149,-	bron/foto/shop/4980_2017_DSC01322.JPG	640	360
4769	teak-eettafels	EETTAFEL CASTLE	1.599,-	bron/foto/shop/4769_1787_Castle_2.jpg	968	544
4980	teak-eettafels	Eettafel MATRIX	1.149,-	bron/foto/shop/4980_2019_DSC01324.JPG	640	360
4769	teak-eettafels	EETTAFEL CASTLE	1.599,-	bron/foto/shop/4769_1785_Castle_4.jpg	968	544
154	201_eettafelopium	ERR404
1060	teak-salontafels	Opium salontafel met lade	169,-	bron/foto/shop/1060_127_foto_opiumtafel_met_la.jpg	640	480
1678	194_boekenkast	ERR404
4556	teak-eettafels	Eettafel Dijawa	699,-	bron/foto/shop/4556_1663_DSC01268.JPG	2896	1936
4556	teak-eettafels	Eettafel Dijawa	699,-	bron/foto/shop/4556_1665_DSC01270.JPG	1936	2896
121	116_eettafel	ERR404
1074	teak-salontafels	Opium salontafel zonder lade	119,-	bron/foto/shop/1074_125_foto_opium_tafel.jpg	640	322
31393	teak-eettafels	Blokpoot eettafel	299,-	bron/foto/shop/31393_3703_IMGP0250.JPG	4288	3216
229	121_eettafel	ERR404
12349	teak-salontafels	Salontafel Klassiek	129,-	bron/foto/shop/12349_2809_salontafel_klassiek.jpg	600	390
12228	teak-salontafels	Salontafel Blokpoot met onderplank	129,-	bron/foto/shop/12228_2801_Salontafel_blokpoot_met_onderplank.jpg	525	525
1078	teak-salontafels	salontafel model Napels	199,-	bron/foto/shop/1078_278_rvs_salontafel_60x60.jpg	700	469
1079	teak-salontafels	salontafel model Brindisi	339,-	bron/foto/shop/1079_277_low_salontafel_doorschuif.jpg	700	469
132	118_eettafel	ERR404
12378	teak-salontafels	salontafel Klassiek met onderplank	139,-	bron/foto/shop/12378_2860_CT_klassiek_met_onderplank.JPG	640	480
1076	teak-salontafels	salontafel model Milaan	349,-	bron/foto/shop/1076_274_milaanline_salontafel.jpg	700	469
12378	teak-salontafels	salontafel Klassiek met onderplank	139,-	bron/foto/shop/12378_2858_CT_klassiek_met_onderplank_lades.JPG	640	480
12228	teak-salontafels	Salontafel Blokpoot met onderplank	129,-	bron/foto/shop/12228_2805_Salontafel_met_onderplank_en_laatjes.jpg	512	384
1078	teak-salontafels	salontafel model Napels	199,-	bron/foto/shop/1078_276_rvs_salontafel_120.jpg	700	469
12471	teak-salontafels	Salontafel Fifty-fifty	489,-	bron/foto/shop/12471_2819_600_525_1167_DSC01216.jpg	599	401
28646	teak-salontafels	Semarang salontafel Ebro rond (Dia 80cm)	191,-	bron/foto/shop/28646_3334_DSC_0007.JPG	450	300
28646	teak-salontafels	Semarang salontafel Ebro rond (Dia 80cm)	191,-	bron/foto/shop/28646_3335_DSC_0005.JPG	450	300
12886	teak-salontafels	Semarang salontafel Yukon	452,-	bron/foto/shop/12886_3356_Salontafel_onderplank_massief_teak_staal_robuust_maatwerk.jpg	676	450
28655	teak-salontafels	Semarang bijzettafel Ebro rond (Dia 60cm)	150,-	bron/foto/shop/28655_3778_Ebro_bijzettafel_rond.jpg	452	301
28646	teak-salontafels	Semarang salontafel Ebro rond (Dia 80cm)	191,-	bron/foto/shop/28646_3336_DSC_0002.JPG	450	300
28655	teak-salontafels	Semarang bijzettafel Ebro rond (Dia 60cm)	150,-	bron/foto/shop/28655_3339_DSC_0012.JPG	450	300
29474	teak-salontafels	Semarang bijzettafel Yukon	194,-	bron/foto/shop/29474_3412_Ebro.jpg	640	427
28655	teak-salontafels	Semarang bijzettafel Ebro rond (Dia 60cm)	150,-	bron/foto/shop/28655_3338_DSC_0009.JPG	450	300
32470	teak-salontafels	Semarang salontafel Ebro elips	252,-	bron/foto/shop/32470_3783_Ebro_salontafel_elips.jpg	552	368
32483	teak-salontafels	Semarang salontafel Rondo	277,-	bron/foto/shop/32483_3786_Rondo_bijzettafel.jpg	526	354
32478	teak-salontafels	Semarang bijzettafel Rondo	201,-	bron/foto/shop/32478_3789_Rondo_Rani_combinatie.jpg	574	384
32478	teak-salontafels	Semarang bijzettafel Rondo	201,-	bron/foto/shop/32478_3785_Rondo_bijzettafel.jpg	526	354
32488	teak-salontafels	Semarang bijzettafel Rani	140,-	bron/foto/shop/32488_3788_Rondo_Rani_combinatie.jpg	574	384
32494	teak-salontafels	Semarang Bijzettafel Sava	107,-	bron/foto/shop/32494_3795_Sava_bijzettafels.jpg	604	403
32488	teak-salontafels	Semarang bijzettafel Rani	140,-	bron/foto/shop/32488_3787_Rani_bijzettafel.jpg	538	360
32494	teak-salontafels	Semarang Bijzettafel Sava	107,-	bron/foto/shop/32494_3796_Sava_bijzettafel.jpg	542	362
32545	teak-salontafels	Semarang salontafel Hudson	429,-	bron/foto/shop/32545_3814_Hudson_salontafel.jpg	360	240
4210	teak-salontafels	Venice salontafel Barok	239,-	bron/foto/shop/4210_1309_Indro.jpg	500	580
4219	teak-salontafels	Venice bijzettafel Barok	169,-	bron/foto/shop/4219_1317_Celso.jpg	500	580
4314	teak-salontafels	Venice salontafel tapse poten zonder lade	169,-	bron/foto/shop/4314_1343_CT_simpel.png	765	308
4294	teak-salontafels	Venice salontafel blokpoot zonder lade	169,-	bron/foto/shop/4294_1339_CT_blok_rack.png	755	451
1060	128_salontafel	ERR404
29743	teak-salontafels	Bijzettafel Bayakayu	179,-	bron/foto/shop/29743_3519_Bijzettafel.JPG	2016	1512
4274	teak-salontafels	Venice salontafel blokpoot met lade	179,-	bron/foto/shop/4274_1335_CT_blok_drw.png	859	491
1075	129_foto	ERR404
4294	teak-salontafels	Venice salontafel blokpoot zonder lade	169,-	bron/foto/shop/4294_1341_CT_blok.png	805	432
29725	teak-salontafels	Salontafel Bayakayu	629,-	bron/foto/shop/29725_3512_Salontafel.JPG	2016	1512
29412	teak-salontafels	Salontafel Viking	299,-	bron/foto/shop/29412_3386_20171124_131435.jpg	1333	1032
12904	teak-tv-kasten	Semarang tv dressoir Indus	936,-	bron/foto/shop/12904_3410_3_x_lade.jpg	640	427
12904	teak-tv-kasten	Semarang tv dressoir Indus	936,-	bron/foto/shop/12904_3779_Indus_tv_meubel.jpg	526	350
2316	teak-tv-kasten	TV kast /dressoir 11	839,-	bron/foto/shop/2316_352_tv_dressoir_19.jpg	480	480
2311	teak-tv-kasten	TV kast/dressoir 9	949,-	bron/foto/shop/2311_350_tv_dressoir_17.jpg	640	323
4274	teak-salontafels	Venice salontafel blokpoot met lade	179,-	bron/foto/shop/4274_1337_CT_blok_rack_drawer.png	847	494
2321	teak-tv-kasten	TV kast/dressoir 12	519,-	bron/foto/shop/2321_353_tv_dressoir_2.jpg	362	319
994	teak-salontafels	Salontafel Blokpoot	119,-	bron/foto/shop/994_2807_Salontafel_blokpoot_met_lade.jpg	1072	804
2328	teak-tv-kasten	TV kast/dressoir 14	869,-	bron/foto/shop/2328_355_tv_dressoir_21.jpg	591	280
4357	teak-salontafels	Venice salontafel Cross	219,-	bron/foto/shop/4357_1347_CT_Cross.png	832	505
2309	teak-tv-kasten	TV kast/dressoir 8	449,-	bron/foto/shop/2309_349_tv_dressoir_16.jpg	640	350
2305	teak-tv-kasten	TV kast/dressoir 6	629,-	bron/foto/shop/2305_347_tv_dressoir_14.jpg	483	268
2347	teak-tv-kasten	TV kast/dressoir 22	629,-	bron/foto/shop/2347_363_tv_dressoir_29.jpg	514	288
2343	teak-tv-kasten	TV kast/dressoir 20	469,-	bron/foto/shop/2343_361_tv_dressoir_27.jpg	557	296
2339	teak-tv-kasten	TV kast/dressoir 18	419,-	bron/foto/shop/2339_359_tv_dressoir_25.jpg	457	298
2345	teak-tv-kasten	Tv kast/dressoir 21	629,-	bron/foto/shop/2345_362_tv_dressoir_28.jpg	527	250
2341	teak-tv-kasten	TV kast/dressoir 19	359,-	bron/foto/shop/2341_360_tv_dressoir_26.jpg	492	355
2354	teak-tv-kasten	TV kast/dressoir 25	989,-	bron/foto/shop/2354_367_tv_dressoir_31.jpg	543	164
2351	teak-tv-kasten	TV kast/dressoir 24	989,-	bron/foto/shop/2351_365_tv_dressoir_30.jpg	561	231
2356	teak-tv-kasten	TV kast/dressoir 26	979,-	bron/foto/shop/2356_368_tv_dressoir_32.jpg	558	290
2337	teak-tv-kasten	TV kast/dressoir 17	639,-	bron/foto/shop/2337_358_tv_dressoir_24.jpg	572	273
2359	teak-tv-kasten	TV kast/dressoir 27	629,-	bron/foto/shop/2359_369_tv_dressoir_33.jpg	524	265
2369	teak-tv-kasten	TV kast/dressoir 30	639,-	bron/foto/shop/2369_372_tv_dressoir_36.jpg	530	270
2366	teak-tv-kasten	TV kast/dressoir 29	829,-	bron/foto/shop/2366_371_tv_dressoir_35.jpg	536	325
2377	teak-tv-kasten	TV kast/dressoir 33	929,-	bron/foto/shop/2377_376_tv_dressoir_39.jpg	341	148
2373	teak-tv-kasten	TV kast/dressoir 31	629,-	bron/foto/shop/2373_373_tv_dressoir_37.jpg	640	323
2381	teak-tv-kasten	TV kast/dressoir 35	669,-	bron/foto/shop/2381_378_tv_dressoir_40.jpg	640	280
2391	teak-tv-kasten	TV kast/dressoir 40	629,-	bron/foto/shop/2391_383_tv_dressoir_9.jpg	130	52
2364	teak-tv-kasten	TV kast/dressoir 28	419,-	bron/foto/shop/2364_370_tv_dressoir_34.jpg	440	335
2389	teak-tv-kasten	TV kast/dressoir 39	1.249,-	bron/foto/shop/2389_382_tv_dressoir_8.jpg	820	317
2597	teak-tv-kasten	TV kast/dressoir 6 Brindisi	399,-	bron/foto/shop/2597_440_low_tv_stand_met_klep.jpg	700	469
2593	teak-tv-kasten	tv kast/dressoir 4 Brindisi	1.049,-	bron/foto/shop/2593_437_low_dresoir_3_kleppen.jpg	700	469
5485	teak-salontafels	salontafel wortelhout	499,-	bron/foto/shop/5485_2594_SAM_0108.JPG	2592	1944
2612	teak-tv-kasten	TV kast/dressoir Milaan 3	779,-	bron/foto/shop/2612_446_dressoir_milaan12.jpg	640	380
2594	teak-tv-kasten	TV kast/dressoir 5 Brindisi	579,-	bron/foto/shop/2594_438_low_tv_stand_la_klep.jpg	700	469
2614	teak-tv-kasten	Tv kast/dressoir 4 Milaan	509,-	bron/foto/shop/2614_447_dressoir_milaan14.jpg	640	380
2598	teak-tv-kasten	TV kast/dressoir 1 Torino	549,-	bron/foto/shop/2598_441_torino_tv_dressoir.jpg	700	469
2616	teak-tv-kasten	Tv kast/dressoir 5 Milaan	739,-	bron/foto/shop/2616_448_dressoir_milaan17.jpg	640	380
2619	teak-tv-kasten	TV kast/dressoir 7 Milaan	889,-	bron/foto/shop/2619_450_dressoir_milaan2.jpg	630	340
2617	teak-tv-kasten	TV kast/dressoir 6 Milaan	649,-	bron/foto/shop/2617_449_dressoir_milaan18.jpg	640	380
2623	teak-tv-kasten	TV kast/dressoir 2 Napels	959,-	bron/foto/shop/2623_452_rvs_tv_stand.jpg	700	469
32516	teak-tv-kasten	Semarang tv dressoir Hudson	633,-	bron/foto/shop/32516_3805_Hudson_tv_meubel_2_laden_open_vak.jpg	443	331
2624	teak-tv-kasten	TV kast/dressoir 1 Edge line	759,-	bron/foto/shop/2624_453_tv_dressoir_4_laden_openvakken_CTTS055.jpg	700	467
32519	teak-tv-kasten	Semarang tv meubel Hudson	608,-	bron/foto/shop/32519_3806_Hudson_tv_meubel.jpg	518	345
4212	teak-tv-kasten	TV Dressoir Venice	519,-	bron/foto/shop/4212_1311_Edda.jpg	500	580
3287	teak-tv-kasten	TV kast KIU 90DB	369,-	bron/foto/shop/3287_865_KIU_90_DB.jpg	478	320
4439	teak-tv-kasten	Venice tv dressoir 3 laden, 3 open vakken	599,-	bron/foto/shop/4439_1387_tv_Jawa.png	872	404
4441	teak-tv-kasten	Venice tv dressoir 4 lades, 2 open vakken	679,-	bron/foto/shop/4441_1389_tv_Jawa4lades.png	541	266
4863	teak-tv-kasten	TV meubel BLOK	649,-	bron/foto/shop/4863_1873_TV_meubel_BLOK.jpg	640	480
4431	teak-tv-kasten	Venice tv dressoir 2 deuren, 3 lades	569,-	bron/foto/shop/4431_1379_Dressoir_Jerman.png	934	468
4443	teak-tv-kasten	Venice tv dressoir, 4 deuren, 2 open vakken	699,-	bron/foto/shop/4443_1391_tv_Portello.png	1004	409
4437	teak-tv-kasten	Venice tv dressoir open vak, 2 deuren, 1 la	599,-	bron/foto/shop/4437_1385_tv_Diva.png	950	394
4445	teak-tv-kasten	Venice tv dressoir, 2 deuren, 2 open vakken	599,-	bron/foto/shop/4445_1393_tv_Siras.png	922	406
4863	teak-tv-kasten	TV meubel BLOK	649,-	bron/foto/shop/4863_1875_TV_meubel_Blok_3.jpg	640	480
3287	teak-tv-kasten---dressoirs	TV kast KIU 90DB	369,-	bron/foto/shop/3287_865_KIU_90_DB.jpg	478	320
29728	teak-tv-kasten	Tv dressoir Bayakayu	849,-	bron/foto/shop/29728_3513_TV_dressoir.JPG	2016	1512
28703	teak-tv-kasten	Tv dressoir Viking	779,-	bron/foto/shop/28703_3362_DSC_0044.JPG	2248	1500
4863	teak-tv-kasten	TV meubel BLOK	649,-	bron/foto/shop/4863_1879_TV_meubel_Blok_2.jpg	640	480
4866	teak-tv-kasten	TV DRESSOIR BLOK	969,-	bron/foto/shop/4866_1885_TV_dressoir_BLOK_2.jpg	640	480
4431	teak-tv-kasten	Venice tv dressoir 2 deuren, 3 lades	569,-	bron/foto/shop/4431_1381_Dressoir_Jerman_wit.png	1200	650
4866	teak-tv-kasten	TV DRESSOIR BLOK	969,-	bron/foto/shop/4866_1881_TV_dressoir_BLOK.jpg	640	480
28703	teak-tv-kasten	Tv dressoir Viking	779,-	bron/foto/shop/28703_3363_DSC_0045.JPG	1500	2248
3779	teak-tv-kasten	Tv kast/Dressoir	990,-	bron/foto/shop/3779_1064_63.jpg	3872	2592
29712	tuinmeubelen	Beaufort bank	199,-	bron/foto/shop/29712_3509_Beaufort_bank.JPG	1280	960
29702	tuinmeubelen	Vouwstoel Antwan	118,-	bron/foto/shop/29702_3506_Vouwstoel_Antwan.JPG	1280	960
29709	tuinmeubelen	Peanut bank	349,-	bron/foto/shop/29709_3508_Peanut_bank.JPG	1280	960
31048	tuinmeubelen	Deckchair	199,-	bron/foto/shop/31048_3625_e05afac3_7920_4e86_83ad_7be73618d573.JPG	960	1280
31048	tuinmeubelen	Deckchair	199,-	bron/foto/shop/31048_3627_37609473_e0fa_430e_86fa_711d1a6d48af.JPG	960	1280
31048	tuinmeubelen	Deckchair	199,-	bron/foto/shop/31048_3626_8e7b2f3b_ac6c_441f_9d3a_fb83c0612c6c.JPG	960	1280
31052	tuinmeubelen	Standenstoel	159,-	bron/foto/shop/31052_3629_c510b13d_fdf9_4fb8_b82a_03fe5fa16837.JPG	960	1280
31052	tuinmeubelen	Standenstoel	159,-	bron/foto/shop/31052_3628_018d8f4f_43a7_4b82_b25b_c29478f73ee0.JPG	960	1280
31055	tuinmeubelen	Ronde tafel verlengbaar	499,-	bron/foto/shop/31055_3631_cc3a8713_203c_4f4c_a642_89e213031527.JPG	960	1280
5420	teak-tv-kasten	Tv meubel Colourful	689,-	bron/foto/shop/5420_2494_SAM_0143.JPG	2592	1944
31055	tuinmeubelen	Ronde tafel verlengbaar	499,-	bron/foto/shop/31055_3632_ef1c2e56_65b1_4ca3_a55b_877c9f193eed.JPG	1280	960
31052	tuinmeubelen	Standenstoel	159,-	bron/foto/shop/31052_3630_fbae9a02_0170_4a17_8581_90bc82c802a0.JPG	960	1280
31058	tuinmeubelen	Bistro tafel	199,-	bron/foto/shop/31058_3636_6afc8cb4_c512_4a19_a866_90d675865838.JPG	960	1280
31069	tuinmeubelen	Henley tafel	139,-	bron/foto/shop/31069_3640_034ef420_6db6_4e18_9aae_4e8640c0c0de.JPG	1280	960
31055	tuinmeubelen	Ronde tafel verlengbaar	499,-	bron/foto/shop/31055_3633_7c371931_cd2a_4d95_bc95_539164f432ec.JPG	1280	960
31058	tuinmeubelen	Bistro tafel	199,-	bron/foto/shop/31058_3635_1f2e5b4e_db0f_4f15_8746_7e3cc994414e.JPG	1280	960
31069	tuinmeubelen	Henley tafel	139,-	bron/foto/shop/31069_3639_befd3ad7_7f92_40ff_8840_01134ce13ca8.JPG	960	1280
31058	tuinmeubelen	Bistro tafel	199,-	bron/foto/shop/31058_3637_7668eba7_ea1d_4a00_8794_ff848ac98012.JPG	960	1280
31069	tuinmeubelen	Henley tafel	139,-	bron/foto/shop/31069_3641_1187516c_2af6_4c39_af37_2f216dafdd56.JPG	1280	960
31081	tuinmeubelen	Hercules tafel	475,-	bron/foto/shop/31081_3646_dc25fdb7_3033_4535_9258_b79489576999.JPG	960	1280
31081	tuinmeubelen	Hercules tafel	475,-	bron/foto/shop/31081_3644_12ca293d_195b_475c_bdd6_8be6b8f04c65.JPG	1280	960
31074	tuinmeubelen	Bristol salontafel	109,-	bron/foto/shop/31074_3643_dc6567ea_1365_4685_8fe8_6166d0b0789e.JPG	1280	960
32694	tuinmeubelen	Tuintafel trapezium	899,-	bron/foto/shop/32694_3892_DSC00224.jpg	3008	2000
31074	tuinmeubelen	Bristol salontafel	109,-	bron/foto/shop/31074_3642_b0910ae0_26c7_4009_9bf4_989c7043a375.JPG	960	1280
31088	tuinmeubelen	Antwan vouwstoel met arm	79,-	bron/foto/shop/31088_3648_3509975d_9151_4748_8517_a6e85fb0afca.JPG	960	1280
31088	tuinmeubelen	Antwan vouwstoel met arm	79,-	bron/foto/shop/31088_3647_24702c74_2c31_469e_a7b5_dcf0c6ebb2bc.JPG	960	1280
31081	tuinmeubelen	Hercules tafel	475,-	bron/foto/shop/31081_3645_827473dc_da24_4a1a_bfc1_73072bae7954.JPG	960	1280
32717	tuinmeubelen	Tuintafel Viking	1.029,-	bron/foto/shop/32717_3896_DSC00233.jpg	3008	2000
32707	tuinmeubelen	Tuintafel extension	699,-	bron/foto/shop/32707_3894_DSC00282.jpg	3936	2624
32731	tuinmeubelen	Tuinbank Viking	625,-	bron/foto/shop/32731_3898_DSC00252.jpg	3936	2624
32717	tuinmeubelen	Tuintafel Viking	1.029,-	bron/foto/shop/32717_3900_DSC00253a.jpg	3936	2624
32694	tuinmeubelen	Tuintafel trapezium	899,-	bron/foto/shop/32694_3893_DSC00231.jpg	3008	2000
32731	tuinmeubelen	Tuinbank Viking	625,-	bron/foto/shop/32731_3899_DSC00253a.jpg	3936	2624
32744	tuinmeubelen	Tuintafel Xantippe	595,-	bron/foto/shop/32744_3901_DSC00290.jpg	3936	2624
32783	tuinmeubelen	Tuinbank Adrianne	399,-	bron/foto/shop/32783_3908_DSC00315.jpg	3936	2624
32760	tuinmeubelen	Tuintafel Matrix	849,-	bron/foto/shop/32760_3904_DSC00297.jpg	3936	2624
32799	tuinmeubelen	Tuintafel Renova	499,-	bron/foto/shop/32799_3911_PHOTO_2021_06_24_09_35_11.jpg	1040	780
32767	tuinmeubelen	Tuintafel Adrianne	739,-	bron/foto/shop/32767_3906_DSC00321.jpg	3936	2624
32717	tuinmeubelen	Tuintafel Viking	1.029,-	bron/foto/shop/32717_3897_DSC00243.jpg	3008	2000
2091	vitrinekasten	vitrinekast 1	1.199,-	bron/foto/shop/2091_306_vitrinekast_1.jpg	317	514
32767	tuinmeubelen	Tuintafel Adrianne	739,-	bron/foto/shop/32767_3905_DSC00304.jpg	3936	2624
2097	vitrinekasten	vitrinekast 3	1.499,-	bron/foto/shop/2097_308_vitrinekast_3.jpg	329	454
2095	vitrinekasten	vitrinekast 2	1.069,-	bron/foto/shop/2095_307_vitrinekast_2.jpg	289	473
32783	tuinmeubelen	Tuinbank Adrianne	399,-	bron/foto/shop/32783_3909_DSC00321.jpg	3936	2624
2099	vitrinekasten	vitrinekast 4	1.399,-	bron/foto/shop/2099_309_vitrinekast_4.jpg	323	474
2111	vitrinekasten	vitrinekast 9	739,-	bron/foto/shop/2111_314_vitrinekast_9jpg.jpg	126	305
2107	vitrinekasten	vitrinekast 7	1.649,-	bron/foto/shop/2107_312_vitrinekast_7.jpg	264	320
2103	vitrinekasten	vitrinekast 5	1.159,-	bron/foto/shop/2103_310_vitrinekast_5.jpg	280	470
2105	vitrinekasten	vitrinekast 6	1.599,-	bron/foto/shop/2105_311_vitrinekast_6.jpg	330	435
2109	vitrinekasten	vitrinekast 8	1.099,-	bron/foto/shop/2109_313_vitrinekast_8.jpg	283	480
32799	tuinmeubelen	Tuintafel Renova	499,-	bron/foto/shop/32799_3910_Renova_5_.jpg	1008	756
2113	vitrinekasten	vitrinekast 10	1.539,-	bron/foto/shop/2113_315_vitrinekast_10jpg.jpg	412	634
2119	vitrinekasten	vitrinekast 13	1.099,-	bron/foto/shop/2119_318_vitrinekast_13jpg.jpg	287	496
2115	vitrinekasten	vitrinekast 11	1.199,-	bron/foto/shop/2115_316_vitrinekast_11jpg.jpg	329	472
32799	tuinmeubelen	Tuintafel Renova	499,-	bron/foto/shop/32799_3912_Renova_4_.jpg	756	1008
2117	vitrinekasten	vitrinekast 12	939,-	bron/foto/shop/2117_317_vitrinekast_12jpg.jpg	254	455
2123	vitrinekasten	vitrinekast 15	1.049,-	bron/foto/shop/2123_320_vitrinekast_louvredeuren_k5705.jpg	257	294
2121	vitrinekasten	vitrinekast 14	1.069,-	bron/foto/shop/2121_319_vitrinekast_14jpg.jpg	218	350
2575	vitrinekasten	vitrinekast Milaan	989,-	bron/foto/shop/2575_427_vitrinekast_Milaan.jpg	300	480
2557	vitrinekasten	vitrinekast 1 Edge line	819,-	bron/foto/shop/2557_419_edge_vitrinekastCATS211.jpg	467	700
2559	vitrinekasten	vitrinekast 2 Edge line	1.099,-	bron/foto/shop/2559_421_edge_vitrinekast_breed_CATS212.jpg	467	700
32537	vitrinekasten	Semarang vitrinekast Hudson	1.499,-	bron/foto/shop/32537_3812_Hudson_vitrinekast.jpg	482	723
4461	vitrinekasten	Venice vitrinekast met baymet sluiting	1.199,-	bron/foto/shop/4461_1407_Vitrine_Amsterdam.png	155	203
32707	tuinmeubelen	Tuintafel extension	699,-	bron/foto/shop/32707_3895_DSC00283.jpg	3936	2624
32744	tuinmeubelen	Tuintafel Xantippe	595,-	bron/foto/shop/32744_3902_DSC00294.jpg	3936	2624
3827	vitrinekasten	Serene Vitrinekast	799,-	bron/foto/shop/3827_1096_79.jpg	275	350
2811	wastafelmeubels	Badalona BA 005 E	1.299,-	bron/foto/shop/2811_531_logo_tess_layla.jpg	500	197
4463	vitrinekasten	Venice vitrinekast cross	1.099,-	bron/foto/shop/4463_1409_50561_cr.jpg	450	450
2814	wastafelmeubels	Badalona BA 005-L	1.699,-	bron/foto/shop/2814_535_badalona_sfeer_wit_db.jpg	450	300
2811	wastafelmeubels	Badalona BA 005 E	1.299,-	bron/foto/shop/2811_530_badalona_with_100_doors_db.jpg	450	300
2814	wastafelmeubels	Badalona BA 005-L	1.699,-	bron/foto/shop/2814_536_logo_mr_jones.jpg	1930	1588
2811	wastafelmeubels	Badalona BA 005 E	1.299,-	bron/foto/shop/2811_532_logo_mr_jones.jpg	1930	1588
2814	wastafelmeubels	Badalona BA 005-L	1.699,-	bron/foto/shop/2814_537_logo_tess_layla.jpg	480	189
2818	wastafelmeubels	Badalona BA 005M	1.769,-	bron/foto/shop/2818_519_Badalone_M_kt.jpg	450	306
28725	vitrinekasten	Vitrinekast Viking	1.995,-	bron/foto/shop/28725_3367_DSC_0046.JPG	1500	2248
2818	wastafelmeubels	Badalona BA 005M	1.769,-	bron/foto/shop/2818_521_logo_tess_layla.jpg	500	197
2820	wastafelmeubels	Badalona BA 005 XL	2.299,-	bron/foto/shop/2820_525_logo_tess_layla.jpg	500	197
2820	wastafelmeubels	Badalona BA 005 XL	2.299,-	bron/foto/shop/2820_522_Badalona_XL_set_db.jpg	450	300
28725	vitrinekasten	Vitrinekast Viking	1.995,-	bron/foto/shop/28725_3368_DSC_0047.JPG	2248	1500
28725	vitrinekasten	Vitrinekast Viking	1.995,-	bron/foto/shop/28725_3369_DSC_0049.JPG	2248	1500
2818	wastafelmeubels	Badalona BA 005M	1.769,-	bron/foto/shop/2818_520_logo_mr_jones.jpg	1930	1588
2844	wastafelmeubels	Badalona Kolomkasten	729,-	bron/foto/shop/2844_541_Alicante_column_all_models_db.jpg	450	306
2852	wastafelmeubels	Caprice BA 001LD (Left Drawers)	1.799,-	bron/foto/shop/2852_554_logo_tess_layla.jpg	500	197
2852	wastafelmeubels	Caprice BA 001LD (Left Drawers)	1.799,-	bron/foto/shop/2852_553_Badalone_left_drawer_db.jpg	450	306
2820	wastafelmeubels	Badalona BA 005 XL	2.299,-	bron/foto/shop/2820_524_logo_mr_jones.jpg	1930	1588
2855	wastafelmeubels	Caprice BA 004M1	2.250,-	bron/foto/shop/2855_556_caprice_db.jpg	450	306
29722	vitrinekasten	Vitrinekast Bayakayu	1.495,-	bron/foto/shop/29722_3511_Vitrinekast.JPG	2016	1512
2858	wastafelmeubels	Caprice BA 001 RD (Right Drawers)	1.799,-	bron/foto/shop/2858_559_caprice_right_drawer_db.jpg	450	306
2858	wastafelmeubels	Caprice BA 001 RD (Right Drawers)	1.799,-	bron/foto/shop/2858_560_logo_tess_layla.jpg	500	197
2844	wastafelmeubels	Badalona Kolomkasten	729,-	bron/foto/shop/2844_543_Alicante_with_basket_db.jpg	450	300
2844	wastafelmeubels	Badalona Kolomkasten	729,-	bron/foto/shop/2844_542_Alicante_column_open_db.jpg	450	662
2852	wastafelmeubels	Caprice BA 001LD (Left Drawers)	1.799,-	bron/foto/shop/2852_555_logo_mr_jones.jpg	1930	1588
2883	wastafelmeubels	Caprice BA300	2.980,-	bron/foto/shop/2883_601_Grace_set_db.jpg	450	306
2855	wastafelmeubels	Caprice BA 004M1	2.250,-	bron/foto/shop/2855_558_logo_mr_jones.jpg	1930	1588
2855	wastafelmeubels	Caprice BA 004M1	2.250,-	bron/foto/shop/2855_557_logo_tess_layla.jpg	500	197
2863	wastafelmeubels	Caprice BA 004M2	2.499,-	bron/foto/shop/2863_565_Caprice_M2_db.jpg	450	300
2883	wastafelmeubels	Caprice BA300	2.980,-	bron/foto/shop/2883_603_logo_wildwater_collection.jpg	480	431
2863	wastafelmeubels	Caprice BA 004M2	2.499,-	bron/foto/shop/2863_567_logo_tess_layla.jpg	500	197
2893	wastafelmeubels	Caprice kolomkast BA668	949,-	bron/foto/shop/2893_604_grace_column_db.jpg	450	300
2858	wastafelmeubels	Caprice BA 001 RD (Right Drawers)	1.799,-	bron/foto/shop/2858_561_logo_mr_jones.jpg	1930	1588
2895	wastafelmeubels	Le Matin kolomkast	849,-	bron/foto/shop/2895_610_logo_mr_jones.jpg	480	395
2863	wastafelmeubels	Caprice BA 004M2	2.499,-	bron/foto/shop/2863_566_logo_mr_jones.jpg	480	395
2893	wastafelmeubels	Caprice kolomkast BA668	949,-	bron/foto/shop/2893_605_grace_column_inside_th.jpg	450	300
2895	wastafelmeubels	Le Matin kolomkast	849,-	bron/foto/shop/2895_609_logo_wildwater_collection.jpg	480	431
2883	wastafelmeubels	Caprice BA300	2.980,-	bron/foto/shop/2883_602_logo_mr_jones.jpg	1930	1588
2897	wastafelmeubels	Le Matin Wildwater BA 450C	2.199,-	bron/foto/shop/2897_611_Le_matin_db.jpg	450	306
2895	wastafelmeubels	Le Matin kolomkast	849,-	bron/foto/shop/2895_608_le_matin_column_kt.jpg	450	300
2900	wastafelmeubels	Le Matin Wildwater BA 450A	1.149,-	bron/foto/shop/2900_615_le_matin_70_house_th.jpg	450	300
2897	wastafelmeubels	Le Matin Wildwater BA 450C	2.199,-	bron/foto/shop/2897_613_logo_wildwater_collection.jpg	480	431
2893	wastafelmeubels	Caprice kolomkast BA668	949,-	bron/foto/shop/2893_606_logo_mr_jones.jpg	1930	1588
2900	wastafelmeubels	Le Matin Wildwater BA 450A	1.149,-	bron/foto/shop/2900_617_logo_mr_jones.jpg	480	395
2900	wastafelmeubels	Le Matin Wildwater BA 450A	1.149,-	bron/foto/shop/2900_616_logo_wildwater_collection.jpg	480	431
2902	wastafelmeubels	Le Matin BA 450B	1.299,-	bron/foto/shop/2902_620_logo_mr_jones.jpg	480	395
2902	wastafelmeubels	Le Matin BA 450B	1.299,-	bron/foto/shop/2902_619_logo_wildwater_collection.jpg	480	431
2902	wastafelmeubels	Le Matin BA 450B	1.299,-	bron/foto/shop/2902_618_le_matin_70_house_db.jpg	450	300
2904	wastafelmeubels	Valencia BA 200A	1.269,-	bron/foto/shop/2904_621_Valencia_70cm_db.jpg	450	300
2904	wastafelmeubels	Valencia BA 200A	1.269,-	bron/foto/shop/2904_622_logo_mr_jones.jpg	480	395
2942	wastafelmeubels	Handdoekenrek	269,-	bron/foto/shop/2942_669_maid_db.jpg	450	300
2904	wastafelmeubels	Valencia BA 200A	1.269,-	bron/foto/shop/2904_623_logo_wildwater_collection.jpg	480	431
2944	wastafelmeubels	Bathler	399,-	bron/foto/shop/2944_672_logo_mr_jones.jpg	480	395
2897	wastafelmeubels	Le Matin Wildwater BA 450C	2.199,-	bron/foto/shop/2897_612_logo_mr_jones.jpg	1930	1588
2944	wastafelmeubels	Bathler	399,-	bron/foto/shop/2944_673_logo_tess_layla.jpg	500	197
2942	wastafelmeubels	Handdoekenrek	269,-	bron/foto/shop/2942_670_logo_mr_jones.jpg	1930	1588
2944	wastafelmeubels	Bathler	399,-	bron/foto/shop/2944_671_bathler_tray_db.jpg	450	300
31097	wastafelmeubels	Provence badkamerkast 120 cm breed	689,-	bron/foto/shop/31097_3653_VanityB140xD50xH85.jpg	870	738
31097	wastafelmeubels	Provence badkamerkast 120 cm breed	689,-	bron/foto/shop/31097_3652_Provence_vanity_120_breed.jpg	1008	756
31094	wastafelmeubels	Provence kolomkast	559,-	bron/foto/shop/31094_3650_Provence_kolomkast.jpg	1613	1210
31091	wastafelmeubels	Provence badkamerkast 80 cm breed	495,-	bron/foto/shop/31091_3649_VanityB80xD45xH85.jpg	863	756
31094	wastafelmeubels	Provence kolomkast	559,-	bron/foto/shop/31094_3651_Provence_kolomkast_inside.jpg	1613	1210
31100	wastafelmeubels	Provence wastafelmeubel 140 breed	829,-	bron/foto/shop/31100_3656_Provence_vanity_140_breed.jpg	1008	756
31100	wastafelmeubels	Provence wastafelmeubel 140 breed	829,-	bron/foto/shop/31100_3655_VanB140xD50xH85.jpg	957	807
31097	wastafelmeubels	Provence badkamerkast 120 cm breed	689,-	bron/foto/shop/31097_3654_Provence_vanity_120_breed_inside.jpg	1008	756
31103	wastafelmeubels	Provence wastafelmeubel toilet	319,-	bron/foto/shop/31103_3660_Provence_toiletmeubel_inside.jpg	1008	756
31103	wastafelmeubels	Provence wastafelmeubel toilet	319,-	bron/foto/shop/31103_3659_Provence_toiletmeubel.jpg	1008	756
31103	wastafelmeubels	Provence wastafelmeubel toilet	319,-	bron/foto/shop/31103_3658_Provence_toilet.jpg	1008	756
3355	wastafelmeubels	Valencia BA 700C	2.390,-	bron/foto/shop/3355_889_Valencia_BA_700C.jpg	1000	680
3530	wastafelmeubels	Valencia met natuurstenen top	2.995,-	bron/foto/shop/3530_941_valencia_met_marmeren_top.jpg	1000	667
3358	wastafelmeubels	Valencia BA 700B	1.449,-	bron/foto/shop/3358_890_Valencia_BA_700B.jpg	1000	680
31100	wastafelmeubels	Provence wastafelmeubel 140 breed	829,-	bron/foto/shop/31100_3657_VanityB140xD50xH85_drawers.jpg	1210	1613