285	bron/foto/site/285_teakhuis_leiderdorp_2.JPG	640	480	
101	bron/foto/site/101_ursula2.jpg	1000	710	
90	bron/foto/site/90_grutterskast_met_rvs_tekening.jpg	907	653	
89	bron/foto/site/89_grutterskast_met_rvs_foto.JPG	448	480	
518	bron/foto/site/518_sfeerfoto_5.jpg	333	500	
501	bron/foto/site/501_eettafel_farmer_teakhout_jpg.png	600	577	
18	bron/foto/site/18_foto6.jpg	583	416	over-ons
106	bron/foto/site/106_img_1216.jpg	1000	666	over-ons
100	bron/foto/site/100_cimg1211.JPG	640	480	over-ons
108	bron/foto/site/108_img_3998.JPG	640	480	over-ons
112	bron/foto/site/112_rubix_dsc8310.jpg	1000	605	over-ons
16	bron/foto/site/16_foto4.jpg	410	410	over-ons
19	bron/foto/site/19_foto7.jpg	456	276	over-ons
28	bron/foto/site/28_3buttonsimage2.jpg	467	312	over-ons
113	bron/foto/site/113_img_1162_edit.jpg	1000	666	over-ons
86	bron/foto/site/86_han.JPG	192	256	over-ons
118	bron/foto/site/118_img_1173_2.jpg	1000	666	waarom-teakhout
119	bron/foto/site/119_img_2974.JPG	640	480	waarom-teakhout
27	bron/foto/site/27_3buttonsimage1.jpg	393	270	waarom-teakhout
29	bron/foto/site/29_3buttonsimage3.jpg	400	264	waarom-teakhout
495	bron/foto/site/495_suar_eettafel_stalen_frame.jpg	600	800	blog
484	bron/foto/site/484_werkplek_inspiratie.jpg	564	846	blog
114	bron/foto/site/114_img_2717.JPG	1000	750	referenties
128	bron/foto/site/128_badkamerkast_001_copy1.jpg	640	427	referenties
24	bron/foto/site/24_f.jpg	482	435	waarom-teakhout-veelzijdigheid-van-teakhout
103	bron/foto/site/103_img_1173.jpg	1000	666	waarom-teakhout-veelzijdigheid-van-teakhout
104	bron/foto/site/104_img_1195.jpg	1000	666	waarom-teakhout-veelzijdigheid-van-teakhout
105	bron/foto/site/105_img_1196.jpg	1000	666	waarom-teakhout-veelzijdigheid-van-teakhout
107	bron/foto/site/107_img_1222.jpg	1000	666	waarom-teakhout-veelzijdigheid-van-teakhout
111	bron/foto/site/111_img_4414.JPG	1000	794	waarom-teakhout-veelzijdigheid-van-teakhout
120	bron/foto/site/120_img_1224.jpg	1000	666	waarom-teakhout-veelzijdigheid-van-teakhout
121	bron/foto/site/121_img_2648.JPG	1000	750	waarom-teakhout-veelzijdigheid-van-teakhout
122	bron/foto/site/122_img_3608.jpg	640	480	waarom-teakhout-veelzijdigheid-van-teakhout
123	bron/foto/site/123_img_3991.JPG	900	1600	waarom-teakhout-veelzijdigheid-van-teakhout
124	bron/foto/site/124_img_4006.JPG	640	480	waarom-teakhout-veelzijdigheid-van-teakhout
125	bron/foto/site/125_img_4413.JPG	1000	1290	waarom-teakhout-veelzijdigheid-van-teakhout
126	bron/foto/site/126_img_4416.JPG	1000	945	waarom-teakhout-veelzijdigheid-van-teakhout
33	bron/foto/site/33_onderhoud1.jpg	300	270	waarom-teakhout/onderhoud-teakhout
88	bron/foto/site/88_bureau_hoekopstelling_tekening.jpg	570	406	maatwerk/voorbeelden-maatwerk-teakhout
87	bron/foto/site/87_bureau_hoekopstelling_foto2.jpg	1147	860	maatwerk/voorbeelden-maatwerk-teakhout
98	bron/foto/site/98_vitrinekast_wit_en_teak_tekening.jpg	570	411	maatwerk/voorbeelden-maatwerk-teakhout
99	bron/foto/site/99_vitrinekast_wit_en_teak_12.jpg	645	860	maatwerk/voorbeelden-maatwerk-teakhout
91	bron/foto/site/91_hangend_tv_meumel_houtsnijwerk_tekening.jpg	570	412	maatwerk/voorbeelden-maatwerk-teakhout
92	bron/foto/site/92_tv_meubel_hangend_houtsnijwerk_foto.jpg	1280	720	maatwerk/voorbeelden-maatwerk-teakhout
94	bron/foto/site/94_javakast_houtsnijwerk_tekening.jpg	570	420	maatwerk/voorbeelden-maatwerk-teakhout
93	bron/foto/site/93_javakast_houtsnijwerk_foto3.jpg	119	158	maatwerk/voorbeelden-maatwerk-teakhout
95	bron/foto/site/95_tv_kast_wit_en_teak.jpg	570	410	maatwerk/voorbeelden-maatwerk-teakhout
96	bron/foto/site/96_tv_kast_wit_en_teak_1.JPG	1147	860	maatwerk/voorbeelden-maatwerk-teakhout
177	bron/foto/site/177_foto_6_teak_productie.jpg	1000	563	maatwerk/voorbeelden-maatwerk-teakhout
194	bron/foto/site/194_railway_tafel.jpg	1000	950	maatwerk/voorbeelden-maatwerk-teakhout
372	bron/foto/site/372_kledingkast_donker_klassiek.jpg	305	341	maatwerk/kledingkast-op-maat
373	bron/foto/site/373_kledingkast_drie_deuren.jpg	200	341	maatwerk/kledingkast-op-maat
374	bron/foto/site/374_kledingkast_groot_drie_deuren.jpg	324	341	maatwerk/kledingkast-op-maat
375	bron/foto/site/375_kledingkast_hang_en_leg_gedeelte_maatwerk.JPG	420	560	maatwerk/kledingkast-op-maat
376	bron/foto/site/376_kledingkast_laag.jpg	285	341	maatwerk/kledingkast-op-maat
377	bron/foto/site/377_kledingkast_legplanken.jpg	321	341	maatwerk/kledingkast-op-maat
379	bron/foto/site/379_kledingkast_maatwerk_met_lade.jpg	228	341	maatwerk/kledingkast-op-maat
380	bron/foto/site/380_kledingkast_maatwerk_met_lades.jpg	341	341	maatwerk/kledingkast-op-maat
381	bron/foto/site/381_kledingkast_maatwerk_milaan.jpg	234	341	maatwerk/kledingkast-op-maat
378	bron/foto/site/378_kledingkast_maatwerk.jpg	203	341	maatwerk/kledingkast-op-maat
382	bron/foto/site/382_kledingkast_op_maat_hoog.jpg	164	341	maatwerk/kledingkast-op-maat
383	bron/foto/site/383_kledingkast_op_maat_milaan.jpg	239	341	maatwerk/kledingkast-op-maat
385	bron/foto/site/385_maatwerk_kledingkast.JPG	255	341	maatwerk/kledingkast-op-maat
384	bron/foto/site/384_kledingkast_vier_lades_twee_dueren.jpg	241	341	maatwerk/kledingkast-op-maat
333	bron/foto/site/333_garderobekast_maatwerk_binnenkant.jpg	1000	722	maatwerk/kledingkast-op-maat
335	bron/foto/site/335_garderobekast_maatwerk_resultaat_binnenkant.jpg	800	597	maatwerk/kledingkast-op-maat
334	bron/foto/site/334_garderobekast_maatwerk_resultaat.jpg	800	597	maatwerk/kledingkast-op-maat
332	bron/foto/site/332_garderobekast_maatwerk.jpg	1000	722	maatwerk/kledingkast-op-maat
346	bron/foto/site/346_maatwerk_teak_tv_meubel.jpg	499	333	maatwerk/tv-meubel-maatwerk
338	bron/foto/site/338_tv_meubel_maatwerk.jpg	1000	701	maatwerk/tv-meubel-maatwerk
339	bron/foto/site/339_tv_meubel_maatwerk_resultaat.jpg	1000	1000	maatwerk/tv-meubel-maatwerk
347	bron/foto/site/347_maatwerk_tv_meubel_blok_design.jpg	640	480	maatwerk/tv-meubel-maatwerk
349	bron/foto/site/349_teak_tv_meubel_maatwerk_vak_klep.jpg	498	265	maatwerk/tv-meubel-maatwerk
348	bron/foto/site/348_teak_tv_meubel_maatwerk.jpg	498	218	maatwerk/tv-meubel-maatwerk
350	bron/foto/site/350_tv_meubel_breed_lades_teakhout.jpg	498	296	maatwerk/tv-meubel-maatwerk
351	bron/foto/site/351_tv_meubel_maatwerk_chique.jpg	498	236	maatwerk/tv-meubel-maatwerk
352	bron/foto/site/352_tv_meubel_maatwerk_hergebruikt_hout.JPG	600	450	maatwerk/tv-meubel-maatwerk
353	bron/foto/site/353_tv_meubel_maatwerk_hergebruikt_hout1.JPG	454	341	maatwerk/tv-meubel-maatwerk
354	bron/foto/site/354_tv_meubel_maatwerk_hergebruikt_hout2.JPG	454	341	maatwerk/tv-meubel-maatwerk
355	bron/foto/site/355_tv_meubel_maatwerk_klassiek.jpg	499	303	maatwerk/tv-meubel-maatwerk
357	bron/foto/site/357_tv_meubel_maatwerk_lades_greeploos.jpg	498	269	maatwerk/tv-meubel-maatwerk
345	bron/foto/site/345_wandmeubel_maatwerk_2.jpg	1000	920	maatwerk/tv-meubel-maatwerk
341	bron/foto/site/341_wandmeubel_maatwerk_resultaat.jpg	1000	750	maatwerk/tv-meubel-maatwerk
356	bron/foto/site/356_tv_meubel_maatwerk_lades.jpg	454	341	maatwerk/tv-meubel-maatwerk
358	bron/foto/site/358_tv_meubel_maatwerk_napels.jpg	498	334	maatwerk/tv-meubel-maatwerk
359	bron/foto/site/359_tv_meubel_maatwerk_teak_milaan.jpg	499	311	maatwerk/tv-meubel-maatwerk
360	bron/foto/site/360_tv_meubel_maatwerk_teak_milaan2.jpg	498	296	maatwerk/tv-meubel-maatwerk
361	bron/foto/site/361_tv_meubel_maatwerk_teak_milaan3.jpg	498	296	maatwerk/tv-meubel-maatwerk
362	bron/foto/site/362_tv_meubel_maatwerk_veel_opbergruimte.jpg	497	205	maatwerk/tv-meubel-maatwerk
363	bron/foto/site/363_tv_meubel_rvs_grepen.jpg	499	333	maatwerk/tv-meubel-maatwerk
364	bron/foto/site/364_tv_meubel_teak_drie_kleppen.jpg	498	334	maatwerk/tv-meubel-maatwerk
366	bron/foto/site/366_tv_meubel_teak_metaal.JPG	454	341	maatwerk/tv-meubel-maatwerk
367	bron/foto/site/367_tv_meubel_teak_stalen_frame.png	499	333	maatwerk/tv-meubel-maatwerk
368	bron/foto/site/368_tv_meubel_teak_wit.png	498	250	maatwerk/tv-meubel-maatwerk
365	bron/foto/site/365_tv_meubel_teakhout.jpg	499	277	maatwerk/tv-meubel-maatwerk
370	bron/foto/site/370_tv_meubel_wit_teak_chique.png	498	245	maatwerk/tv-meubel-maatwerk
369	bron/foto/site/369_tv_meubel_wit_teak.jpg	293	341	maatwerk/tv-meubel-maatwerk
191	bron/foto/site/191_habitat.JPG	600	450	onze-winkels/teakhuis-dordrecht
277	bron/foto/site/277_teakhuis_dordrecht_2.jpg	720	480	onze-winkels/teakhuis-dordrecht
276	bron/foto/site/276_teakhuis_dordrecht_gevel.jpg	720	480	onze-winkels/teakhuis-dordrecht
279	bron/foto/site/279_han.JPG	256	256	onze-winkels/teakhuis-dordrecht
40	bron/foto/site/40_greenbg.jpg	1000	176	webshop
486	bron/foto/site/486_dsc_0033.JPG	256	171	collecties-overzicht
43	bron/foto/site/43_collectie_milaan.jpg	256	183	collecties-overzicht
45	bron/foto/site/45_collectie_brindisi.jpg	256	183	collecties-overzicht
216	bron/foto/site/216_500_500_2904_yukon_dressoir.png	256	171	collecties-overzicht
76	bron/foto/site/76_collectie_the_edge.jpg	256	172	collecties-overzicht
75	bron/foto/site/75_collectie_india.jpg	256	192	collecties-overzicht
70	bron/foto/site/70_collectie_bonaparte.jpg	256	171	collecties-overzicht
67	bron/foto/site/67_collectie_venice.jpg	256	144	collecties-overzicht
66	bron/foto/site/66_collectie_torino.jpg	256	172	collecties-overzicht
64	bron/foto/site/64_collectie_napels.jpg	256	172	collecties-overzicht
525	bron/foto/site/525_sfeerimpressie.JPG	256	192	collecties-overzicht
62	bron/foto/site/62_collectie_kiu.jpg	256	172	collecties-overzicht
58	bron/foto/site/58_badkamer_serie_valencia.jpg	256	171	collecties-overzicht
56	bron/foto/site/56_badkamer_serie_badalona.jpg	256	171	collecties-overzicht
55	bron/foto/site/55_badkamer_serie_caprice.jpg	256	171	collecties-overzicht
53	bron/foto/site/53_badkamer_serie_le_matin.jpg	256	171	collecties-overzicht
526	bron/foto/site/526_provence_vanity_120_breed.jpg	256	192	collecties-overzicht
50	bron/foto/site/50_badkamer_serie_big_boy.jpg	256	174	collecties-overzicht
510	bron/foto/site/510_teakhouten_eettafel_blokpoot.jpg	900	518	blog/aynSM5xKTi4DBtf9dCkqqa/77/interieur-inspiratie-een-natuurlijke-look
522	bron/foto/site/522_img_20170526_113737_769.jpg	550	550	blog/aynSM5xKTi4DBtf9dCkqqa/77/interieur-inspiratie-een-natuurlijke-look
512	bron/foto/site/512_boomstam_eettafel_suar_jpg.jpg	531	550	blog/aynSM5xKTi4DBtf9dCkqqa/77/interieur-inspiratie-een-natuurlijke-look
511	bron/foto/site/511_buffetkast_3deurs_brindisi_gerecycledhout.jpg	451	550	blog/aynSM5xKTi4DBtf9dCkqqa/77/interieur-inspiratie-een-natuurlijke-look
515	bron/foto/site/515_glass_on_wood_klein.jpeg	550	550	blog/aynSM5xKTi4DBtf9dCkqqa/77/interieur-inspiratie-een-natuurlijke-look
514	bron/foto/site/514_sfeerfoto_1.jpg	367	550	blog/aynSM5xKTi4DBtf9dCkqqa/77/interieur-inspiratie-een-natuurlijke-look
516	bron/foto/site/516_sfeerfoto_2.jpg	412	550	blog/aynSM5xKTi4DBtf9dCkqqa/77/interieur-inspiratie-een-natuurlijke-look
517	bron/foto/site/517_sfeerfoto_3.jpg	413	550	blog/aynSM5xKTi4DBtf9dCkqqa/77/interieur-inspiratie-een-natuurlijke-look
519	bron/foto/site/519_sfeerfoto_4.jpg	368	550	blog/aynSM5xKTi4DBtf9dCkqqa/77/interieur-inspiratie-een-natuurlijke-look
520	bron/foto/site/520_spiegel_erosie.jpg	309	550	blog/aynSM5xKTi4DBtf9dCkqqa/77/interieur-inspiratie-een-natuurlijke-look
521	bron/foto/site/521_suar_eettafel_stalen_frame.jpg	413	550	blog/aynSM5xKTi4DBtf9dCkqqa/77/interieur-inspiratie-een-natuurlijke-look
497	bron/foto/site/497_blokpoot_eettafel_teak_jpg.jpeg	518	550	blog/aynSM5xKTi4DBtf9dCkqqa/76/tips-en-inspiratie-voor-het-aanschaffen-van-een-nieuwe-eettafel
498	bron/foto/site/498_boomstam_eettafel_mango_hout_jpg.jpg	413	550	blog/aynSM5xKTi4DBtf9dCkqqa/76/tips-en-inspiratie-voor-het-aanschaffen-van-een-nieuwe-eettafel
500	bron/foto/site/500_eettafel_bankje_semarang_teak_staal_jpg.jpg	550	550	blog/aynSM5xKTi4DBtf9dCkqqa/76/tips-en-inspiratie-voor-het-aanschaffen-van-een-nieuwe-eettafel
499	bron/foto/site/499_eettafel_industrieel_teak_staal_jpg.jpg	564	375	blog/aynSM5xKTi4DBtf9dCkqqa/76/tips-en-inspiratie-voor-het-aanschaffen-van-een-nieuwe-eettafel
503	bron/foto/site/503_eettafel_milaan_teak_jpg.jpg	413	550	blog/aynSM5xKTi4DBtf9dCkqqa/76/tips-en-inspiratie-voor-het-aanschaffen-van-een-nieuwe-eettafel
504	bron/foto/site/504_eettafel_viking_teak_staal_jpg.jpg	550	550	blog/aynSM5xKTi4DBtf9dCkqqa/76/tips-en-inspiratie-voor-het-aanschaffen-van-een-nieuwe-eettafel
502	bron/foto/site/502_industrieel_onderstel.jpg	732	550	blog/aynSM5xKTi4DBtf9dCkqqa/76/tips-en-inspiratie-voor-het-aanschaffen-van-een-nieuwe-eettafel
507	bron/foto/site/507_kloostertafel_teakhout_jpg.jpg	578	550	blog/aynSM5xKTi4DBtf9dCkqqa/76/tips-en-inspiratie-voor-het-aanschaffen-van-een-nieuwe-eettafel
505	bron/foto/site/505_koloniale_klassieke_eettafel.jpg	258	341	blog/aynSM5xKTi4DBtf9dCkqqa/76/tips-en-inspiratie-voor-het-aanschaffen-van-een-nieuwe-eettafel
506	bron/foto/site/506_ovale_eettafel_matrix_teak_staal_jpg.jpg	564	454	blog/aynSM5xKTi4DBtf9dCkqqa/76/tips-en-inspiratie-voor-het-aanschaffen-van-een-nieuwe-eettafel
509	bron/foto/site/509_robuuste_eettafel_bielzen_jpg.jpg	552	550	blog/aynSM5xKTi4DBtf9dCkqqa/76/tips-en-inspiratie-voor-het-aanschaffen-van-een-nieuwe-eettafel
508	bron/foto/site/508_suar_boomstam_eettafel_klooster_frame.jpg	712	546	blog/aynSM5xKTi4DBtf9dCkqqa/76/tips-en-inspiratie-voor-het-aanschaffen-van-een-nieuwe-eettafel
489	bron/foto/site/489_boomstam_eettafel_mango_hout_jpg.jpg	413	550	blog/aynSM5xKTi4DBtf9dCkqqa/75/de-boomstamtafel-een-echte-eyecatcher
487	bron/foto/site/487_boomstam_eettafel_mango_stalen_frame_jpg.jpg	550	550	blog/aynSM5xKTi4DBtf9dCkqqa/75/de-boomstamtafel-een-echte-eyecatcher
488	bron/foto/site/488_boomstam_eettafel_suar_jpg.jpg	531	550	blog/aynSM5xKTi4DBtf9dCkqqa/75/de-boomstamtafel-een-echte-eyecatcher
491	bron/foto/site/491_boomstameettafel_mangohout_jpg.jpg	550	550	blog/aynSM5xKTi4DBtf9dCkqqa/75/de-boomstamtafel-een-echte-eyecatcher
493	bron/foto/site/493_boomstameettafel_teak_vpoot_jpg.jpg	784	550	blog/aynSM5xKTi4DBtf9dCkqqa/75/de-boomstamtafel-een-echte-eyecatcher
490	bron/foto/site/490_robuuste_teak_eettafel_jpg.jpg	499	333	blog/aynSM5xKTi4DBtf9dCkqqa/75/de-boomstamtafel-een-echte-eyecatcher
496	bron/foto/site/496_suar_boomstam_eettafel_klooster_frame.jpg	712	546	blog/aynSM5xKTi4DBtf9dCkqqa/75/de-boomstamtafel-een-echte-eyecatcher
477	bron/foto/site/477_schrijftafel_retro_gerecycled_mangohot.jpg	673	550	blog/aynSM5xKTi4DBtf9dCkqqa/74/5-tips-om-de-perfecte-thuiswerkplek-te-creeren
478	bron/foto/site/478_semarang_kasma_bureau_teakhout_industrieel_teakhuis.jpg	815	550	blog/aynSM5xKTi4DBtf9dCkqqa/74/5-tips-om-de-perfecte-thuiswerkplek-te-creeren
482	bron/foto/site/482_venice_tafel_cuba_met_laden_teak.jpg	892	510	blog/aynSM5xKTi4DBtf9dCkqqa/74/5-tips-om-de-perfecte-thuiswerkplek-te-creeren
474	bron/foto/site/474_bureau_blokpoot_teakhout_maatwerk.jpg	699	401	blog/aynSM5xKTi4DBtf9dCkqqa/74/5-tips-om-de-perfecte-thuiswerkplek-te-creeren
476	bron/foto/site/476_bureau_hoekopstelling_maatwerk_teakhuis.jpg	733	550	blog/aynSM5xKTi4DBtf9dCkqqa/74/5-tips-om-de-perfecte-thuiswerkplek-te-creeren
475	bron/foto/site/475_bureau_hoekopstelling_tekening_eigenontwerp_teakhuis.jpg	570	406	blog/aynSM5xKTi4DBtf9dCkqqa/74/5-tips-om-de-perfecte-thuiswerkplek-te-creeren
483	bron/foto/site/483_sfeerfoto_werkplek_inspiratie.jpg	413	550	blog/aynSM5xKTi4DBtf9dCkqqa/74/5-tips-om-de-perfecte-thuiswerkplek-te-creeren
479	bron/foto/site/479_sidetable_bureau_teakhout_teakhuis.jpg	675	450	blog/aynSM5xKTi4DBtf9dCkqqa/74/5-tips-om-de-perfecte-thuiswerkplek-te-creeren
480	bron/foto/site/480_sidetable_bureau_teakhout_teakhuis.jpg	699	443	blog/aynSM5xKTi4DBtf9dCkqqa/74/5-tips-om-de-perfecte-thuiswerkplek-te-creeren
481	bron/foto/site/481_tabel_juiste_werkhoogte_bureau.jpg	687	348	blog/aynSM5xKTi4DBtf9dCkqqa/74/5-tips-om-de-perfecte-thuiswerkplek-te-creeren
485	bron/foto/site/485_quotes_voor_aan_de_muur.jpg	379	550	blog/aynSM5xKTi4DBtf9dCkqqa/74/5-tips-om-de-perfecte-thuiswerkplek-te-creeren
472	bron/foto/site/472_teakhuis_dordrecht_showroom_mijlweg_dordrecht_teak.jpg	564	393	blog/aynSM5xKTi4DBtf9dCkqqa?page=2
460	bron/foto/site/460_sfeerfoto_sidetable_2.jpg	564	564	blog/aynSM5xKTi4DBtf9dCkqqa?page=2
451	bron/foto/site/451_teakhouten_wandmeubel_tvmeubel_maatwerk.jpg	600	450	blog/aynSM5xKTi4DBtf9dCkqqa?page=2
446	bron/foto/site/446_brindisi_teakhouten_buffetkast_gerecycledhout.jpg	269	341	blog/aynSM5xKTi4DBtf9dCkqqa?page=2
434	bron/foto/site/434_happy_boeddha_2.jpeg	600	800	blog/aynSM5xKTi4DBtf9dCkqqa?page=3
421	bron/foto/site/421_teakhouten_bed_ying_yang.jpg	564	381	blog/aynSM5xKTi4DBtf9dCkqqa?page=3
399	bron/foto/site/399_teakhouten_eettafel_met_stalen_onderstel.jpg	564	375	blog/aynSM5xKTi4DBtf9dCkqqa?page=3
391	bron/foto/site/391_7.jpg	598	557	blog/aynSM5xKTi4DBtf9dCkqqa?page=3
144	bron/foto/site/144_foto_10_accessoires.jpg	600	497	blog/aynSM5xKTi4DBtf9dCkqqa?page=8
127	bron/foto/site/127_printscreen_nieuwe_webshop.jpg	600	287	blog/aynSM5xKTi4DBtf9dCkqqa?page=8
210	bron/foto/site/210_foto_1.jpg	800	800	teak-eettafel
209	bron/foto/site/209_foto_4.png	1000	981	teak-eettafel
213	bron/foto/site/213_foto_9.jpg	855	1000	teak-eettafel
60	bron/foto/site/60_collectie_nieuw_chinees.jpg	640	480	dressoir-van-teakhout
156	bron/foto/site/156_foto_10_inspiratiefoto2.jpg	564	854	dressoir-van-teakhout
150	bron/foto/site/150_foto_4_colourful.JPG	750	588	dressoir-van-teakhout
129	bron/foto/site/129_blank_teak1.jpg	256	192	leverbare-kleuren-teak
131	bron/foto/site/131_tea2.jpg	192	256	leverbare-kleuren-teak
130	bron/foto/site/130_koloniaal2.jpg	256	192	leverbare-kleuren-teak
133	bron/foto/site/133_wit1.jpg	256	192	leverbare-kleuren-teak
319	bron/foto/site/319_20170217_140233_01.jpeg	1000	832	aziatische-meubelen
324	bron/foto/site/324_20170217_140749_01.jpeg	1000	774	maatwerk-teak
408	bron/foto/site/408_teakhout_keuken_8.JPG	1000	667	maatwerk-teak
267	bron/foto/site/267_buffetkast_8.jpg	452	450	kast-van-teakhout
322	bron/foto/site/322_20170217_140614_01.jpeg	1000	834	teak-meubelen-amsterdam
54	bron/foto/site/54_badkamer_hangend.jpg	599	265	teak-badkamermeubels
46	bron/foto/site/46_badkamer_serie_diverse.jpg	320	218	teak-badkamermeubels
52	bron/foto/site/52_badkamer_serie_silverst.jpg	320	209	teak-badkamermeubels
318	bron/foto/site/318_20170217_135626_01.jpeg	1000	857	salontafel-van-teak
410	bron/foto/site/410_tv_meubel_wandkast_1.JPG	1000	750	teak-meubelen-antwerpen
313	bron/foto/site/313_6.jpg	1000	576	teak-meubelen-antwerpen
316	bron/foto/site/316_10.jpg	564	564	strakke-teak-meubels
139	bron/foto/site/139_foto_5_natuurstenen_wasbak.jpg	960	960	goedkope-teak-meubels
468	bron/foto/site/468_aanbieding_jubileum_10jaar_teakhuis_teak_eettafel_roma.jpg	480	407	blog/aynSM5xKTi4DBtf9dCkqqa/73/tien-jaar-teakhuis-10-jaar-maatwerk-zonder-meerprijs
469	bron/foto/site/469_jubilieum_actie_teakhuis_10jaar_teakhouten_meubels.jpg	564	400	blog/aynSM5xKTi4DBtf9dCkqqa/73/tien-jaar-teakhuis-10-jaar-maatwerk-zonder-meerprijs
470	bron/foto/site/470_sfeerfoto_teakhuis_dordrecht_teakhouteneettafel_eetkamerstoelen.jpg	451	550	blog/aynSM5xKTi4DBtf9dCkqqa/73/tien-jaar-teakhuis-10-jaar-maatwerk-zonder-meerprijs
473	bron/foto/site/473_teakhouten_buffetkast_milaan_3deurs_jpg.jpg	733	550	blog/aynSM5xKTi4DBtf9dCkqqa/73/tien-jaar-teakhuis-10-jaar-maatwerk-zonder-meerprijs
471	bron/foto/site/471_teakhuis_dordrecht_buffetkast_teak_teakhoutenbuffetkast_brindisi.jpg	436	550	blog/aynSM5xKTi4DBtf9dCkqqa/73/tien-jaar-teakhuis-10-jaar-maatwerk-zonder-meerprijs
467	bron/foto/site/467_venice_sidetable_vintage_2laden_jpg.jpg	675	450	blog/aynSM5xKTi4DBtf9dCkqqa/72/de-sidetable-inspiratie-tips
462	bron/foto/site/462_sfeerfoto_sidetable_1.jpg	441	550	blog/aynSM5xKTi4DBtf9dCkqqa/72/de-sidetable-inspiratie-tips
463	bron/foto/site/463_sfeerfoto_sidetable_3.jpg	500	486	blog/aynSM5xKTi4DBtf9dCkqqa/72/de-sidetable-inspiratie-tips
461	bron/foto/site/461_sfeerfoto_sidetable.jpg	413	550	blog/aynSM5xKTi4DBtf9dCkqqa/72/de-sidetable-inspiratie-tips
466	bron/foto/site/466_sidetable_blokpoot_teak_onderplank_2laden_jpg.jpg	550	550	blog/aynSM5xKTi4DBtf9dCkqqa/72/de-sidetable-inspiratie-tips
464	bron/foto/site/464_teakhouten_salontafel_klassiek_metlade_onderplank.jpg	698	381	blog/aynSM5xKTi4DBtf9dCkqqa/72/de-sidetable-inspiratie-tips
465	bron/foto/site/465_teakhouten_sidetable_blokpoot_laden_onderplank.jpg	338	550	blog/aynSM5xKTi4DBtf9dCkqqa/72/de-sidetable-inspiratie-tips
449	bron/foto/site/449_teak_dressoir_blo_3laden_2deuren.jpg	146	109	blog/aynSM5xKTi4DBtf9dCkqqa/71/tips-en-inspiratie-voor-het-aanschaffen-van-een-tv-meubel
452	bron/foto/site/452_teak_tvkast_kiu_hangend.jpg	498	334	blog/aynSM5xKTi4DBtf9dCkqqa/71/tips-en-inspiratie-voor-het-aanschaffen-van-een-tv-meubel
455	bron/foto/site/455_teakhouten_tv_kast_brindisi_2kleppen_1lade_gerecycledteak_jpg.jpg	733	550	blog/aynSM5xKTi4DBtf9dCkqqa/71/tips-en-inspiratie-voor-het-aanschaffen-van-een-tv-meubel
456	bron/foto/site/456_teakhouten_tvkast_milaan_plantageteak_2kleppen_jpg.jpg	465	550	blog/aynSM5xKTi4DBtf9dCkqqa/71/tips-en-inspiratie-voor-het-aanschaffen-van-een-tv-meubel
450	bron/foto/site/450_teakhouten_tvkast_model7_2deuren.jpg	377	341	blog/aynSM5xKTi4DBtf9dCkqqa/71/tips-en-inspiratie-voor-het-aanschaffen-van-een-tv-meubel
457	bron/foto/site/457_teakhouten_tvmeubel_oudhout_4laden_2deuren_jpg.jpg	737	550	blog/aynSM5xKTi4DBtf9dCkqqa/71/tips-en-inspiratie-voor-het-aanschaffen-van-een-tv-meubel
453	bron/foto/site/453_tv_kast_teak_staal_2laden_openvak.jpg	499	333	blog/aynSM5xKTi4DBtf9dCkqqa/71/tips-en-inspiratie-voor-het-aanschaffen-van-een-tv-meubel
454	bron/foto/site/454_tv_meubel_retro_mangohout.jpg	454	341	blog/aynSM5xKTi4DBtf9dCkqqa/71/tips-en-inspiratie-voor-het-aanschaffen-van-een-tv-meubel
448	bron/foto/site/448_buffetkast_3deurs_brindisi_gerecycledhout.jpg	451	550	blog/aynSM5xKTi4DBtf9dCkqqa/70/is-er-verschil-tussen-nieuw-en-gerecycled-teak
445	bron/foto/site/445_gerecycled_teakhout_jpg.jpg	492	550	blog/aynSM5xKTi4DBtf9dCkqqa/70/is-er-verschil-tussen-nieuw-en-gerecycled-teak
444	bron/foto/site/444_oud_teak_hout.jpg	412	550	blog/aynSM5xKTi4DBtf9dCkqqa/70/is-er-verschil-tussen-nieuw-en-gerecycled-teak
443	bron/foto/site/443_plantage_teakhout.jpg	507	550	blog/aynSM5xKTi4DBtf9dCkqqa/70/is-er-verschil-tussen-nieuw-en-gerecycled-teak
447	bron/foto/site/447_teakhouten_buffetkast_milaan_3deurs_jpg.jpg	733	550	blog/aynSM5xKTi4DBtf9dCkqqa/70/is-er-verschil-tussen-nieuw-en-gerecycled-teak
327	bron/foto/site/327_koloniaals_interieur.jpg	564	1001	blog/aynSM5xKTi4DBtf9dCkqqa?page=4
295	bron/foto/site/295_10.jpg	474	711	blog/aynSM5xKTi4DBtf9dCkqqa?page=4
431	bron/foto/site/431_baby_boeddha_2.jpeg	413	550	blog/aynSM5xKTi4DBtf9dCkqqa/69/5-leuke-items-om-cadeau-te-geven-op-moederdag
428	bron/foto/site/428_glass_on_wood_groot.jpeg	362	550	blog/aynSM5xKTi4DBtf9dCkqqa/69/5-leuke-items-om-cadeau-te-geven-op-moederdag
429	bron/foto/site/429_glass_on_wood_klein.jpeg	550	550	blog/aynSM5xKTi4DBtf9dCkqqa/69/5-leuke-items-om-cadeau-te-geven-op-moederdag
435	bron/foto/site/435_olifant_houtsnijwerk.jpeg	538	550	blog/aynSM5xKTi4DBtf9dCkqqa/69/5-leuke-items-om-cadeau-te-geven-op-moederdag
439	bron/foto/site/439_quote_bord_2.jpg	367	550	blog/aynSM5xKTi4DBtf9dCkqqa/69/5-leuke-items-om-cadeau-te-geven-op-moederdag
437	bron/foto/site/437_waxinelichthouders.jpeg	550	550	blog/aynSM5xKTi4DBtf9dCkqqa/69/5-leuke-items-om-cadeau-te-geven-op-moederdag
422	bron/foto/site/422_1.jpg	366	550	blog/aynSM5xKTi4DBtf9dCkqqa/68/tips-en-inspiratie-voor-het-inrichten-van-een-slaapkamer
423	bron/foto/site/423_2.jpg	365	550	blog/aynSM5xKTi4DBtf9dCkqqa/68/tips-en-inspiratie-voor-het-inrichten-van-een-slaapkamer
424	bron/foto/site/424_3.jpg	413	550	blog/aynSM5xKTi4DBtf9dCkqqa/68/tips-en-inspiratie-voor-het-inrichten-van-een-slaapkamer
425	bron/foto/site/425_4.jpg	430	550	blog/aynSM5xKTi4DBtf9dCkqqa/68/tips-en-inspiratie-voor-het-inrichten-van-een-slaapkamer
420	bron/foto/site/420_teakhouten_bed_java.JPG	454	341	blog/aynSM5xKTi4DBtf9dCkqqa/68/tips-en-inspiratie-voor-het-inrichten-van-een-slaapkamer
394	bron/foto/site/394_inspiratie_moderne_woonstijl.jpg	386	550	blog/aynSM5xKTi4DBtf9dCkqqa/65/interieur-inspiratie-de-moderne-woonstijl
395	bron/foto/site/395_modern_interieur.jpg	456	276	blog/aynSM5xKTi4DBtf9dCkqqa/65/interieur-inspiratie-de-moderne-woonstijl
396	bron/foto/site/396_modern_teakhouten_meubels_1.jpg	407	550	blog/aynSM5xKTi4DBtf9dCkqqa/65/interieur-inspiratie-de-moderne-woonstijl
398	bron/foto/site/398_teak_staal_salontafels.jpg	236	285	blog/aynSM5xKTi4DBtf9dCkqqa/65/interieur-inspiratie-de-moderne-woonstijl
400	bron/foto/site/400_buffetkast_milaan_3_deurs.JPG	454	341	blog/aynSM5xKTi4DBtf9dCkqqa/65/interieur-inspiratie-de-moderne-woonstijl
401	bron/foto/site/401_salontafel_milaan.jpg	498	334	blog/aynSM5xKTi4DBtf9dCkqqa/65/interieur-inspiratie-de-moderne-woonstijl
393	bron/foto/site/393_1.jpg	400	400	blog/aynSM5xKTi4DBtf9dCkqqa/64/kan-ik-mijn-teakhouten-meubels-verven
392	bron/foto/site/392_8.jpg	367	550	blog/aynSM5xKTi4DBtf9dCkqqa/64/kan-ik-mijn-teakhouten-meubels-verven
257	bron/foto/site/257_2.jpg	564	770	blog/aynSM5xKTi4DBtf9dCkqqa?page=5
254	bron/foto/site/254_voorbeeld_maatwerk_kast_met_houtsnijwerk.jpg	600	540	blog/aynSM5xKTi4DBtf9dCkqqa?page=5
241	bron/foto/site/241_teakhuispinterest.jpg	600	337	blog/aynSM5xKTi4DBtf9dCkqqa?page=5
135	bron/foto/site/135_foto_1_sfeerfoto_teakhuis.jpg	550	550	blog/aynSM5xKTi4DBtf9dCkqqa/22/een-kijkje-in-onze-vestigingen
136	bron/foto/site/136_foto_2_sfeerfoto_teakhuis.jpg	587	550	blog/aynSM5xKTi4DBtf9dCkqqa/22/een-kijkje-in-onze-vestigingen
137	bron/foto/site/137_foto_3_sfeerfoto_teakhuis.jpg	550	550	blog/aynSM5xKTi4DBtf9dCkqqa/22/een-kijkje-in-onze-vestigingen
138	bron/foto/site/138_foto_4_badkamermeubel_le_matin.jpg	675	450	blog/aynSM5xKTi4DBtf9dCkqqa/22/een-kijkje-in-onze-vestigingen
140	bron/foto/site/140_foto_6_big_bob_badkamermeubel.jpg	480	445	blog/aynSM5xKTi4DBtf9dCkqqa/22/een-kijkje-in-onze-vestigingen
141	bron/foto/site/141_foto_7_bankstel_stratos.jpg	698	377	blog/aynSM5xKTi4DBtf9dCkqqa/22/een-kijkje-in-onze-vestigingen
142	bron/foto/site/142_foto_8_fauteuil_belfort.jpg	371	450	blog/aynSM5xKTi4DBtf9dCkqqa/22/een-kijkje-in-onze-vestigingen
143	bron/foto/site/143_foto_9_eetkamerstoel_huizen.jpg	311	450	blog/aynSM5xKTi4DBtf9dCkqqa/22/een-kijkje-in-onze-vestigingen
145	bron/foto/site/145_foto_11_wortelhouten_spiegel.jpg	550	550	blog/aynSM5xKTi4DBtf9dCkqqa/22/een-kijkje-in-onze-vestigingen
146	bron/foto/site/146_foto_12_boeddha.jpg	550	550	blog/aynSM5xKTi4DBtf9dCkqqa/22/een-kijkje-in-onze-vestigingen
197	bron/foto/site/197_foto_1_moodboard.jpg	564	813	blog/aynSM5xKTi4DBtf9dCkqqa?page=7
172	bron/foto/site/172_foto_1_teakhout.jpg	600	450	blog/aynSM5xKTi4DBtf9dCkqqa?page=7
169	bron/foto/site/169_foto_10_opbergruimte_achter_de_deur_creeeren.jpg	550	733	blog/aynSM5xKTi4DBtf9dCkqqa?page=7
237	bron/foto/site/237_sfeerfoto_4.jpg	480	480	blog/aynSM5xKTi4DBtf9dCkqqa?page=6
224	bron/foto/site/224_sfeerfoto_1.jpg	540	761	blog/aynSM5xKTi4DBtf9dCkqqa?page=6
217	bron/foto/site/217_sfeerfoto_1.jpg	564	695	blog/aynSM5xKTi4DBtf9dCkqqa?page=6
203	bron/foto/site/203_sfeer_1.jpg	376	641	blog/aynSM5xKTi4DBtf9dCkqqa?page=6
173	bron/foto/site/173_foto_2_logo_svlk.jpg	433	301	blog/aynSM5xKTi4DBtf9dCkqqa/25/milieuvriendelijke-meubels
174	bron/foto/site/174_foto_3_teakplantage_indonesie.jpg	500	275	blog/aynSM5xKTi4DBtf9dCkqqa/25/milieuvriendelijke-meubels
175	bron/foto/site/175_foto_4_fabriek.jpg	500	333	blog/aynSM5xKTi4DBtf9dCkqqa/25/milieuvriendelijke-meubels
176	bron/foto/site/176_foto_5_houtsnijwerk.jpg	832	415	blog/aynSM5xKTi4DBtf9dCkqqa/25/milieuvriendelijke-meubels
330	bron/foto/site/330_koloniaal_dressoir.jpg	341	341	blog/aynSM5xKTi4DBtf9dCkqqa/57/wat-zijn-koloniale-meubels
331	bron/foto/site/331_koloniale_buffetkast.jpg	203	341	blog/aynSM5xKTi4DBtf9dCkqqa/57/wat-zijn-koloniale-meubels
328	bron/foto/site/328_koloniale_buffetkast_1.jpg	241	341	blog/aynSM5xKTi4DBtf9dCkqqa/57/wat-zijn-koloniale-meubels
329	bron/foto/site/329_koloniale_klassieke_eettafel.jpg	258	341	blog/aynSM5xKTi4DBtf9dCkqqa/57/wat-zijn-koloniale-meubels
320	bron/foto/site/320_20170217_140419_01.jpeg	786	550	blog/aynSM5xKTi4DBtf9dCkqqa/56/tips-en-inspiratie-voor-het-aanschaffen-van-een-salontafel
321	bron/foto/site/321_20170217_140523_01.jpeg	619	550	blog/aynSM5xKTi4DBtf9dCkqqa/56/tips-en-inspiratie-voor-het-aanschaffen-van-een-salontafel
323	bron/foto/site/323_20170217_140629_01.jpeg	599	550	blog/aynSM5xKTi4DBtf9dCkqqa/56/tips-en-inspiratie-voor-het-aanschaffen-van-een-salontafel
325	bron/foto/site/325_20170217_141026_01.jpeg	801	550	blog/aynSM5xKTi4DBtf9dCkqqa/56/tips-en-inspiratie-voor-het-aanschaffen-van-een-salontafel
326	bron/foto/site/326_20170217_141111_01.jpeg	674	550	blog/aynSM5xKTi4DBtf9dCkqqa/56/tips-en-inspiratie-voor-het-aanschaffen-van-een-salontafel
308	bron/foto/site/308_1.jpg	367	550	blog/aynSM5xKTi4DBtf9dCkqqa/55/interieur-inspiratie-de-landelijke-woonstijl
309	bron/foto/site/309_2.jpg	359	550	blog/aynSM5xKTi4DBtf9dCkqqa/55/interieur-inspiratie-de-landelijke-woonstijl
310	bron/foto/site/310_3.jpg	367	550	blog/aynSM5xKTi4DBtf9dCkqqa/55/interieur-inspiratie-de-landelijke-woonstijl
311	bron/foto/site/311_4.jpg	367	550	blog/aynSM5xKTi4DBtf9dCkqqa/55/interieur-inspiratie-de-landelijke-woonstijl
312	bron/foto/site/312_5.jpg	349	550	blog/aynSM5xKTi4DBtf9dCkqqa/55/interieur-inspiratie-de-landelijke-woonstijl
317	bron/foto/site/317_11.jpg	413	550	blog/aynSM5xKTi4DBtf9dCkqqa/55/interieur-inspiratie-de-landelijke-woonstijl
314	bron/foto/site/314_7.jpg	564	423	blog/aynSM5xKTi4DBtf9dCkqqa/55/interieur-inspiratie-de-landelijke-woonstijl
315	bron/foto/site/315_8.jpg	367	550	blog/aynSM5xKTi4DBtf9dCkqqa/55/interieur-inspiratie-de-landelijke-woonstijl
297	bron/foto/site/297_1.jpg	366	550	blog/aynSM5xKTi4DBtf9dCkqqa/54/een-warm-welkom-8-inrichting-tips-voor-de-hal
304	bron/foto/site/304_8.jpg	367	550	blog/aynSM5xKTi4DBtf9dCkqqa/54/een-warm-welkom-8-inrichting-tips-voor-de-hal
305	bron/foto/site/305_20161227_152630_1.jpg	433	550	blog/aynSM5xKTi4DBtf9dCkqqa/54/een-warm-welkom-8-inrichting-tips-voor-de-hal
306	bron/foto/site/306_20170120_153713_1.jpg	460	550	blog/aynSM5xKTi4DBtf9dCkqqa/54/een-warm-welkom-8-inrichting-tips-voor-de-hal
300	bron/foto/site/300_11.jpg	300	340	blog/aynSM5xKTi4DBtf9dCkqqa/54/een-warm-welkom-8-inrichting-tips-voor-de-hal
307	bron/foto/site/307_spiegel_erosie.jpg	309	550	blog/aynSM5xKTi4DBtf9dCkqqa/54/een-warm-welkom-8-inrichting-tips-voor-de-hal
296	bron/foto/site/296_12.jpg	338	550	blog/aynSM5xKTi4DBtf9dCkqqa/54/een-warm-welkom-8-inrichting-tips-voor-de-hal
301	bron/foto/site/301_13.jpg	542	376	blog/aynSM5xKTi4DBtf9dCkqqa/54/een-warm-welkom-8-inrichting-tips-voor-de-hal
298	bron/foto/site/298_14.jpg	564	307	blog/aynSM5xKTi4DBtf9dCkqqa/54/een-warm-welkom-8-inrichting-tips-voor-de-hal
302	bron/foto/site/302_5.jpg	440	550	blog/aynSM5xKTi4DBtf9dCkqqa/54/een-warm-welkom-8-inrichting-tips-voor-de-hal
303	bron/foto/site/303_6.jpg	392	550	blog/aynSM5xKTi4DBtf9dCkqqa/54/een-warm-welkom-8-inrichting-tips-voor-de-hal
299	bron/foto/site/299_7.jpg	349	550	blog/aynSM5xKTi4DBtf9dCkqqa/54/een-warm-welkom-8-inrichting-tips-voor-de-hal
198	bron/foto/site/198_foto_2_moodboard.jpg	367	550	blog/aynSM5xKTi4DBtf9dCkqqa/28/diy-hoe-maak-ik-een-moodboard
199	bron/foto/site/199_foto_3_moodboard.jpg	404	550	blog/aynSM5xKTi4DBtf9dCkqqa/28/diy-hoe-maak-ik-een-moodboard
200	bron/foto/site/200_foto_4_moodboard.jpg	413	550	blog/aynSM5xKTi4DBtf9dCkqqa/28/diy-hoe-maak-ik-een-moodboard
201	bron/foto/site/201_foto_5_moodboard.jpg	436	550	blog/aynSM5xKTi4DBtf9dCkqqa/28/diy-hoe-maak-ik-een-moodboard
202	bron/foto/site/202_foto_6_moodboard.jpg	377	550	blog/aynSM5xKTi4DBtf9dCkqqa/28/diy-hoe-maak-ik-een-moodboard
269	bron/foto/site/269_semarang_kast_jaya.jpg	300	450	blog/aynSM5xKTi4DBtf9dCkqqa/38/5-tips-voor-het-aanschaffen-van-een-teakhouten-kast
271	bron/foto/site/271_buffetkast_29.jpg	618	450	blog/aynSM5xKTi4DBtf9dCkqqa/38/5-tips-voor-het-aanschaffen-van-een-teakhouten-kast
268	bron/foto/site/268_buffetkast_6.jpg	380	450	blog/aynSM5xKTi4DBtf9dCkqqa/38/5-tips-voor-het-aanschaffen-van-een-teakhouten-kast
273	bron/foto/site/273_geslotenkast_9.jpg	450	450	blog/aynSM5xKTi4DBtf9dCkqqa/38/5-tips-voor-het-aanschaffen-van-een-teakhouten-kast
274	bron/foto/site/274_milaankast_3_deurs_jpg.jpg	312	550	blog/aynSM5xKTi4DBtf9dCkqqa/38/5-tips-voor-het-aanschaffen-van-een-teakhouten-kast
270	bron/foto/site/270_venice_buffetkast_break_front.jpg	421	450	blog/aynSM5xKTi4DBtf9dCkqqa/38/5-tips-voor-het-aanschaffen-van-een-teakhouten-kast
260	bron/foto/site/260_10.jpg	413	550	blog/aynSM5xKTi4DBtf9dCkqqa/37/van-eettafel-tot-feesttafel-inspiratie-voor-de-kersttafel
264	bron/foto/site/264_11.jpg	564	376	blog/aynSM5xKTi4DBtf9dCkqqa/37/van-eettafel-tot-feesttafel-inspiratie-voor-de-kersttafel
263	bron/foto/site/263_12.jpg	367	550	blog/aynSM5xKTi4DBtf9dCkqqa/37/van-eettafel-tot-feesttafel-inspiratie-voor-de-kersttafel
265	bron/foto/site/265_14.jpg	564	375	blog/aynSM5xKTi4DBtf9dCkqqa/37/van-eettafel-tot-feesttafel-inspiratie-voor-de-kersttafel
258	bron/foto/site/258_3.jpg	416	550	blog/aynSM5xKTi4DBtf9dCkqqa/37/van-eettafel-tot-feesttafel-inspiratie-voor-de-kersttafel
262	bron/foto/site/262_6.jpg	421	550	blog/aynSM5xKTi4DBtf9dCkqqa/37/van-eettafel-tot-feesttafel-inspiratie-voor-de-kersttafel
261	bron/foto/site/261_7.jpg	367	550	blog/aynSM5xKTi4DBtf9dCkqqa/37/van-eettafel-tot-feesttafel-inspiratie-voor-de-kersttafel
259	bron/foto/site/259_9.jpg	410	550	blog/aynSM5xKTi4DBtf9dCkqqa/37/van-eettafel-tot-feesttafel-inspiratie-voor-de-kersttafel
255	bron/foto/site/255_tekening_en_resultaat_maatwerk_buffetkast.jpg	900	417	blog/aynSM5xKTi4DBtf9dCkqqa/36/de-meest-gestelde-vragen-over-maatwerk-beantwoord
252	bron/foto/site/252_tekening_en_resultaat_maatwerk_ledikant.jpg	451	550	blog/aynSM5xKTi4DBtf9dCkqqa/36/de-meest-gestelde-vragen-over-maatwerk-beantwoord
256	bron/foto/site/256_tekening_en_resultaat_maatwerk_tv_meubel.jpg	900	290	blog/aynSM5xKTi4DBtf9dCkqqa/36/de-meest-gestelde-vragen-over-maatwerk-beantwoord
250	bron/foto/site/250_teakhuis_pinterest_tafels.jpg	900	466	blog/aynSM5xKTi4DBtf9dCkqqa/35/hoe-maak-je-een-prikbord-in-pinterest
251	bron/foto/site/251_voorbeeld_pinbord.jpg	900	529	blog/aynSM5xKTi4DBtf9dCkqqa/35/hoe-maak-je-een-prikbord-in-pinterest
160	bron/foto/site/160_foto_1_brindisi_salontafel.jpg	561	360	blog/aynSM5xKTi4DBtf9dCkqqa/24/opbergen-voor-gevorderden-10-tips
162	bron/foto/site/162_foto_3_knus_hoekje_onder_de_trap.jpg	331	550	blog/aynSM5xKTi4DBtf9dCkqqa/24/opbergen-voor-gevorderden-10-tips
163	bron/foto/site/163_foto_4_opbergen_in_de_kast.jpg	341	512	blog/aynSM5xKTi4DBtf9dCkqqa/24/opbergen-voor-gevorderden-10-tips
164	bron/foto/site/164_foto_5_teakhouten_buffetkast_8.jpg	452	450	blog/aynSM5xKTi4DBtf9dCkqqa/24/opbergen-voor-gevorderden-10-tips
165	bron/foto/site/165_foto_6_teakhouten_winkelkast_ellen_foucault.jpg	550	550	blog/aynSM5xKTi4DBtf9dCkqqa/24/opbergen-voor-gevorderden-10-tips
166	bron/foto/site/166_foto_7_voorbeeld_gesorteerde_boekenkast.jpg	384	550	blog/aynSM5xKTi4DBtf9dCkqqa/24/opbergen-voor-gevorderden-10-tips
167	bron/foto/site/167_foto_8_geheime_lade.jpg	525	395	blog/aynSM5xKTi4DBtf9dCkqqa/24/opbergen-voor-gevorderden-10-tips
168	bron/foto/site/168_foto_9_geheime_opbergplek_achter_schilderij.jpg	310	550	blog/aynSM5xKTi4DBtf9dCkqqa/24/opbergen-voor-gevorderden-10-tips
147	bron/foto/site/147_foto_1_railway_tafel.jpg	579	550	blog/aynSM5xKTi4DBtf9dCkqqa/23/interieur-inspiratie-de-industriele-look
148	bron/foto/site/148_foto_2_industrial.jpg	564	539	blog/aynSM5xKTi4DBtf9dCkqqa/23/interieur-inspiratie-de-industriele-look
157	bron/foto/site/157_foto_11_inspiratiefoto4.jpg	550	550	blog/aynSM5xKTi4DBtf9dCkqqa/23/interieur-inspiratie-de-industriele-look
158	bron/foto/site/158_foto_12_inspiratiefoto5.jpg	367	550	blog/aynSM5xKTi4DBtf9dCkqqa/23/interieur-inspiratie-de-industriele-look
159	bron/foto/site/159_foto_13_inspiratiefoto6.jpg	396	550	blog/aynSM5xKTi4DBtf9dCkqqa/23/interieur-inspiratie-de-industriele-look
149	bron/foto/site/149_foto_3_teaktafel_jepara.jpg	591	550	blog/aynSM5xKTi4DBtf9dCkqqa/23/interieur-inspiratie-de-industriele-look
151	bron/foto/site/151_foto_5_jodhpur_tv_meubel.jpg	742	550	blog/aynSM5xKTi4DBtf9dCkqqa/23/interieur-inspiratie-de-industriele-look
152	bron/foto/site/152_foto_6_retro.jpg	750	467	blog/aynSM5xKTi4DBtf9dCkqqa/23/interieur-inspiratie-de-industriele-look
153	bron/foto/site/153_foto_7_stoelindustrial.jpg	366	525	blog/aynSM5xKTi4DBtf9dCkqqa/23/interieur-inspiratie-de-industriele-look
154	bron/foto/site/154_foto_8_inspiratiefoto.jpg	422	550	blog/aynSM5xKTi4DBtf9dCkqqa/23/interieur-inspiratie-de-industriele-look
155	bron/foto/site/155_foto_9_inspiratiefoto1.jpg	382	550	blog/aynSM5xKTi4DBtf9dCkqqa/23/interieur-inspiratie-de-industriele-look
232	bron/foto/site/232_buffetkast_break_front.jpg	421	450	blog/aynSM5xKTi4DBtf9dCkqqa/33/interieurinspiratie-klassieke-woonstijl
236	bron/foto/site/236_dressoir_5.jpg	450	450	blog/aynSM5xKTi4DBtf9dCkqqa/33/interieurinspiratie-klassieke-woonstijl
234	bron/foto/site/234_eettafel_barok.jpg	387	450	blog/aynSM5xKTi4DBtf9dCkqqa/33/interieurinspiratie-klassieke-woonstijl
231	bron/foto/site/231_sfeerfoto_1.jpg	412	550	blog/aynSM5xKTi4DBtf9dCkqqa/33/interieurinspiratie-klassieke-woonstijl
233	bron/foto/site/233_sfeerfoto_2.jpg	545	550	blog/aynSM5xKTi4DBtf9dCkqqa/33/interieurinspiratie-klassieke-woonstijl
240	bron/foto/site/240_sfeerfoto_5.jpg	367	550	blog/aynSM5xKTi4DBtf9dCkqqa/33/interieurinspiratie-klassieke-woonstijl
235	bron/foto/site/235_sfeerfoto_6.jpg	403	550	blog/aynSM5xKTi4DBtf9dCkqqa/33/interieurinspiratie-klassieke-woonstijl
238	bron/foto/site/238_sfeerfoto_8.jpg	364	550	blog/aynSM5xKTi4DBtf9dCkqqa/33/interieurinspiratie-klassieke-woonstijl
239	bron/foto/site/239_venice_dressoir_klassiek_3_deurs.jpg	699	337	blog/aynSM5xKTi4DBtf9dCkqqa/33/interieurinspiratie-klassieke-woonstijl
226	bron/foto/site/226_sfeerfoto_2.jpg	367	550	blog/aynSM5xKTi4DBtf9dCkqqa/32/8-tips-voor-het-inrichten-van-een-kleine-woonkamer
227	bron/foto/site/227_sfeerfoto_4.jpg	367	550	blog/aynSM5xKTi4DBtf9dCkqqa/32/8-tips-voor-het-inrichten-van-een-kleine-woonkamer
225	bron/foto/site/225_sfeerfoto_5.jpg	363	363	blog/aynSM5xKTi4DBtf9dCkqqa/32/8-tips-voor-het-inrichten-van-een-kleine-woonkamer
228	bron/foto/site/228_sfeerfoto_6.jpg	394	550	blog/aynSM5xKTi4DBtf9dCkqqa/32/8-tips-voor-het-inrichten-van-een-kleine-woonkamer
229	bron/foto/site/229_sfeerfoto_7.jpg	366	550	blog/aynSM5xKTi4DBtf9dCkqqa/32/8-tips-voor-het-inrichten-van-een-kleine-woonkamer
230	bron/foto/site/230_sfeerfoto_8.jpg	367	550	blog/aynSM5xKTi4DBtf9dCkqqa/32/8-tips-voor-het-inrichten-van-een-kleine-woonkamer
223	bron/foto/site/223_sfeerfoto_13.jpg	367	550	blog/aynSM5xKTi4DBtf9dCkqqa/31/de-interieurtrends-van-2017
218	bron/foto/site/218_sfeerfoto_2.jpg	413	550	blog/aynSM5xKTi4DBtf9dCkqqa/31/de-interieurtrends-van-2017
219	bron/foto/site/219_sfeerfoto_3.jpg	367	550	blog/aynSM5xKTi4DBtf9dCkqqa/31/de-interieurtrends-van-2017
220	bron/foto/site/220_sfeerfoto_4.jpg	405	550	blog/aynSM5xKTi4DBtf9dCkqqa/31/de-interieurtrends-van-2017
221	bron/foto/site/221_sfeerfoto_5.jpg	367	550	blog/aynSM5xKTi4DBtf9dCkqqa/31/de-interieurtrends-van-2017
222	bron/foto/site/222_sfeerfoto_6.jpg	480	528	blog/aynSM5xKTi4DBtf9dCkqqa/31/de-interieurtrends-van-2017
204	bron/foto/site/204_sfeer_2.jpg	413	550	blog/aynSM5xKTi4DBtf9dCkqqa/29/in-een-handomdraai-een-knusse-woonkamer-voor-de-herfst
205	bron/foto/site/205_sfeer_3.jpg	361	550	blog/aynSM5xKTi4DBtf9dCkqqa/29/in-een-handomdraai-een-knusse-woonkamer-voor-de-herfst
206	bron/foto/site/206_sfeer_4.jpg	413	550	blog/aynSM5xKTi4DBtf9dCkqqa/29/in-een-handomdraai-een-knusse-woonkamer-voor-de-herfst
207	bron/foto/site/207_sfeer_5.jpg	334	500	blog/aynSM5xKTi4DBtf9dCkqqa/29/in-een-handomdraai-een-knusse-woonkamer-voor-de-herfst
208	bron/foto/site/208_sfeer_6.jpg	367	550	blog/aynSM5xKTi4DBtf9dCkqqa/29/in-een-handomdraai-een-knusse-woonkamer-voor-de-herfst